3288,03/11/2020,01,17,23,24,32,37
3287,31/10/2020,05,11,14,24,30,36
3286,27/10/2020,03,17,19,22,23,28
3285,24/10/2020,20,22,31,32,36,37
3284,20/10/2020,02,08,15,22,24,35
3283,17/09/2020,05,10,12,14,24,29
3282,15/09/2020,01,08,14,19,29,37
3281,12/09/2020,02,05,12,17,23,32
3280,08/09/2020,05,06,13,16,20,28
3279,05/09/2020,06,19,23,28,33,34
3278,03/09/2020,04,06,24,26,35,36
3277,01/09/2020,04,05,08,13,17,28
3276,29/08/2020,03,06,14,22,32,37
3275,25/08/2020,02,12,19,20,21,36
3274,22/08/2020,11,12,29,31,34,35
3273,20/08/2020,02,06,07,19,24,28
3272,18/08/2020,06,20,21,24,30,31
3271,15/08/2020,01,12,14,17,24,28
3270,11/08/2020,15,18,21,24,28,34
3269,08/08/2020,05,09,14,27,29,34
3268,06/08/2020,10,20,24,26,28,35
3267,04/08/2020,04,17,20,21,33,34
3266,01/08/2020,04,06,07,15,16,34
3265,28/07/2020,01,03,11,13,25,34
3264,25/07/2020,12,13,17,21,23,25
3263,21/07/2020,03,06,10,12,30,36
3262,18/07/2020,04,09,12,30,31,33
3261,14/07/2020,06,20,22,30,32,33
3260,11/07/2020,10,12,18,28,34,37
3259,07/07/2020,01,07,09,21,31,36
3258,04/07/2020,01,04,08,27,28,33
3257,02/07/2020,10,12,13,24,25,31
3256,30/06/2020,22,24,26,27,28,29
3255,27/06/2020,01,06,13,21,25,28
3254,23/06/2020,01,03,18,19,25,30
3253,20/06/2020,03,05,10,11,18,23
3252,18/06/2020,05,06,08,18,20,30
3251,16/06/2020,18,19,28,30,32,35
3250,13/06/2020,05,12,15,22,24,31
3249,09/06/2020,13,14,21,24,27,30
3248,06/06/2020,07,08,18,23,25,37
3247,04/06/2020,05,15,26,28,32,37
3246,02/06/2020,02,13,22,23,25,30
3245,30/05/2020,01,13,25,27,33,37
3244,26/05/2020,09,16,22,26,30,36
3243,23/05/2020,05,08,10,12,14,22
3242,19/05/2020,20,21,23,26,29,33
3241,16/05/2020,10,11,14,19,24,35
3240,12/05/2020,02,07,12,20,21,29
3239,09/05/2020,08,09,13,24,26,34
3238,07/05/2020,05,07,10,13,20,29
3237,05/05/2020,01,02,06,08,20,37
3236,02/05/2020,01,13,16,32,33,37
3235,25/04/2020,15,16,18,20,28,37
3234,17/03/2020,03,07,09,23,25,33
3233,14/03/2020,11,13,17,18,32,35
3232,10/03/2020,11,19,23,27,30,36
3231,07/03/2020,14,19,21,22,23,32
3230,05/03/2020,04,10,15,18,26,32
3229,03/03/2020,02,04,20,23,25,35
3228,29/02/2020,07,21,25,27,30,31
3227,25/02/2020,06,16,18,28,33,37
3226,22/02/2020,01,15,22,23,29,33
3225,18/02/2020,07,08,15,20,27,29
3224,15/02/2020,04,08,10,14,21,35
3223,11/02/2020,05,06,12,16,25,33
3222,08/02/2020,01,19,20,32,34,35
3221,06/02/2020,05,09,13,14,17,33
3220,04/02/2020,09,21,25,27,32,34
3219,01/02/2020,08,12,26,28,32,33
3218,28/01/2020,12,14,16,17,31,36
3217,25/01/2020,03,04,17,22,27,34
3216,21/01/2020,01,04,06,30,35,36
3215,18/01/2020,05,09,12,28,30,36
3214,16/01/2020,08,21,23,24,36,37
3213,14/01/2020,06,16,23,25,27,30
3212,11/01/2020,07,14,16,31,32,35
3211,07/01/2020,02,06,09,27,35,37
3210,04/01/2020,01,07,12,18,31,33
3209,31/12/2019,01,05,08,15,17,31
3208,28/12/2019,02,17,18,29,31,32
3207,24/12/2019,02,11,16,21,22,31
3206,21/12/2019,01,06,07,16,26,36
3205,19/12/2019,04,13,15,22,30,37
3204,17/12/2019,02,05,12,14,29,33
3203,14/12/2019,02,03,05,09,24,32
3202,10/12/2019,06,15,28,31,34,35
3201,07/12/2019,02,15,20,26,27,30
3200,05/12/2019,08,09,10,17,30,34
3199,03/12/2019,09,10,16,20,32,34
3198,30/11/2019,06,17,20,25,33,36
3197,26/11/2019,02,05,08,22,24,29
3196,23/11/2019,06,07,14,19,20,28
3195,21/11/2019,04,07,09,14,20,22
3194,19/11/2019,02,10,15,17,18,24
3193,16/11/2019,03,08,31,32,34,35
3192,12/11/2019,02,06,14,19,27,29
3191,09/11/2019,10,16,19,30,34,37
3190,07/11/2019,01,19,21,26,30,33
3189,05/11/2019,09,11,14,19,23,33
3188,02/11/2019,01,11,27,29,33,37
3187,29/10/2019,03,13,20,26,29,35
3186,26/10/2019,01,15,19,23,28,32
3185,22/10/2019,05,14,15,19,20,31
3184,19/10/2019,04,05,10,16,17,18
3183,15/10/2019,03,04,06,08,14,35
3182,12/10/2019,01,05,12,22,34,37
3181,10/10/2019,08,14,16,26,32,35
3180,05/10/2019,06,08,12,13,32,35
3179,02/10/2019,01,22,32,33,35,37
3178,28/09/2019,03,19,25,30,33,34
3177,24/09/2019,05,06,07,14,26,37
3176,21/09/2019,02,11,22,32,35,37
3175,17/09/2019,02,08,16,19,29,33
3174,14/09/2019,07,16,17,27,32,37
3173,10/09/2019,03,12,13,17,18,36
3172,07/09/2019,06,10,29,32,33,34
3171,05/09/2019,01,07,10,24,28,37
3170,03/09/2019,01,04,06,17,20,34
3169,31/08/2019,01,03,18,21,23,36
3168,27/08/2019,02,06,09,12,16,18
3167,24/08/2019,04,05,06,09,20,37
3166,20/08/2019,09,16,21,25,27,36
3165,17/08/2019,11,13,17,24,34,36
3164,13/08/2019,01,13,15,27,31,35
3163,11/08/2019,11,17,25,33,35,36
3162,08/08/2019,06,10,22,25,30,37
3161,06/08/2019,01,14,25,29,30,33
3160,03/08/2019,11,19,20,27,30,37
3159,30/07/2019,06,10,11,24,32,36
3158,27/07/2019,04,13,17,28,35,37
3157,23/07/2019,01,10,28,31,32,35
3156,20/07/2019,14,17,25,26,29,35
3155,16/07/2019,03,04,07,18,22,23
3154,13/07/2019,13,15,16,28,31,32
3153,09/07/2019,01,10,12,14,27,29
3152,06/07/2019,04,18,19,23,24,37
3151,04/07/2019,08,18,26,29,31,36
3150,02/07/2019,01,28,29,30,32,34
3149,29/06/2019,10,11,14,24,27,35
3148,25/06/2019,17,22,26,28,34,36
3147,22/06/2019,03,10,11,17,24,36
3146,20/06/2019,04,11,16,25,35,36
3145,18/06/2019,01,09,13,19,20,34
3144,15/06/2019,04,07,08,09,16,31
3143,11/06/2019,04,13,17,19,25,37
3142,09/06/2019,03,13,14,20,22,23
3141,06/06/2019,10,12,15,19,27,28
3140,04/06/2019,01,06,19,22,25,32
3139,01/06/2019,04,05,19,24,31,37
3138,28/05/2019,01,04,11,14,17,22
3137,25/05/2019,03,10,16,25,29,32
3136,21/05/2019,17,20,22,24,28,32
3135,18/05/2019,03,27,29,31,32,33
3134,16/05/2019,01,08,13,21,25,31
3133,14/05/2019,01,12,16,20,30,36
3132,11/05/2019,06,18,19,23,24,28
3131,06/05/2019,07,08,11,14,16,22
3130,04/05/2019,09,10,11,13,15,21
3129,30/04/2019,01,12,17,21,25,26
3128,28/04/2019,08,19,26,30,31,36
3127,23/04/2019,02,08,15,27,31,35
3126,20/04/2019,01,08,15,22,31,35
3125,16/04/2019,12,13,15,17,25,31
3124,13/04/2019,10,13,14,19,20,25
3123,09/04/2019,01,03,06,09,14,28
3122,06/04/2019,03,04,05,18,23,29
3121,04/04/2019,04,05,19,25,31,32
3120,02/04/2019,01,11,17,21,33,34
3119,30/03/2019,04,06,10,18,22,25
3118,26/03/2019,01,15,20,22,23,31
3117,23/03/2019,03,05,07,18,23,27
3116,19/03/2019,03,22,24,25,28,37
3115,16/03/2019,07,11,12,25,28,31
3114,12/03/2019,06,20,25,30,33,35
3113,09/03/2019,12,14,15,18,20,21
3112,07/03/2019,11,14,19,20,21,26
3111,05/03/2019,02,21,25,27,28,36
3110,02/03/2019,20,25,28,34,36,37
3109,26/02/2019,05,06,12,16,29,34
3108,23/02/2019,12,15,21,24,30,32
3107,19/02/2019,03,09,23,24,25,26
3106,16/02/2019,03,09,11,13,21,25
3105,12/02/2019,10,11,17,21,23,32
3104,09/02/2019,03,07,09,21,22,33
3103,07/02/2019,04,13,18,22,28,34
3102,05/02/2019,01,06,12,17,22,26
3101,02/02/2019,11,18,19,25,35,37
3100,29/01/2019,01,13,20,25,31,33
3099,26/01/2019,11,12,26,34,36,37
3098,22/01/2019,03,10,13,17,33,37
3097,19/01/2019,04,09,17,26,27,37
3096,15/01/2019,06,07,17,28,33,36
3095,12/01/2019,08,15,20,24,25,33
3094,08/01/2019,05,08,14,15,18,25
3093,05/01/2019,06,09,13,20,26,36
3092,03/01/2019,08,14,20,23,24,28
3091,01/01/2019,07,13,15,16,20,31
3090,29/12/2018,03,07,11,17,19,31
3089,27/12/2018,12,13,19,21,35,36
3088,25/12/2018,06,09,10,11,18,29
3087,22/12/2018,16,17,19,29,34,37
3086,18/12/2018,03,16,19,22,25,26
3085,15/12/2018,01,03,04,13,23,28
3084,13/12/2018,01,10,18,25,31,36
3083,11/12/2018,15,21,23,27,36,37
3082,08/12/2018,08,11,13,18,25,31
3081,04/12/2018,01,03,07,09,15,22
3080,01/12/2018,07,08,25,31,32,35
3079,27/11/2018,03,05,08,18,19,29
3078,24/11/2018,02,12,14,18,22,25
3077,20/11/2018,03,05,16,18,21,26
3076,17/11/2018,06,16,23,24,30,33
3075,13/11/2018,09,20,25,27,34,37
3074,10/11/2018,16,18,20,22,24,25
3073,06/11/2018,08,09,13,14,27,29
3072,03/11/2018,02,07,09,19,24,25
3071,01/11/2018,04,08,13,20,27,29
3070,30/10/2018,06,07,11,17,22,29
3069,27/10/2018,11,17,19,25,27,28
3068,23/10/2018,04,16,23,29,35,36
3067,20/10/2018,07,20,21,25,35,37
3066,16/10/2018,08,13,14,27,30,37
3065,13/10/2018,01,05,15,17,23,37
3064,09/10/2018,06,16,21,27,28,29
3063,06/10/2018,01,03,13,17,21,32
3062,04/10/2018,07,14,18,27,34,37
3061,02/10/2018,04,12,21,24,35,37
3060,29/09/2018,01,08,15,16,20,31
3059,25/09/2018,06,13,22,25,29,37
3058,22/09/2018,07,11,18,20,21,22
3057,17/09/2018,02,12,16,17,28,36
3056,15/09/2018,04,08,13,18,21,32
3055,12/09/2018,07,08,11,20,30,37
3054,08/09/2018,04,06,20,23,28,34
3053,06/09/2018,01,04,07,08,12,16
3052,04/09/2018,07,09,12,16,27,33
3051,01/09/2018,09,18,24,28,30,36
3050,28/08/2018,01,04,27,34,36,37
3049,25/08/2018,10,13,18,26,31,33
3048,21/08/2018,01,05,11,12,22,27
3047,18/08/2018,01,03,18,20,23,37
3046,14/08/2018,07,13,16,18,19,28
3045,11/08/2018,04,05,08,25,26,33
3044,07/08/2018,02,06,17,22,30,33
3043,04/08/2018,09,16,22,23,25,28
3042,02/08/2018,02,09,11,16,23,35
3041,31/07/2018,02,14,25,26,32,33
3040,28/07/2018,06,09,26,29,36,37
3039,24/07/2018,02,09,15,26,29,35
3038,22/07/2018,03,11,13,25,28,35
3037,17/07/2018,13,19,21,27,29,32
3036,14/07/2018,11,22,27,32,34,36
3035,10/07/2018,02,07,08,09,10,15
3034,07/07/2018,08,11,22,29,30,32
3033,05/07/2018,07,13,15,19,28,36
3032,03/07/2018,05,07,11,12,28,34
3031,30/06/2018,02,09,11,13,19,28
3030,26/06/2018,01,03,29,30,32,37
3029,23/06/2018,02,09,13,17,21,26
3028,21/06/2018,19,26,30,31,33,35
3027,19/06/2018,05,07,11,14,23,36
3026,16/06/2018,08,10,18,23,29,30
3025,12/06/2018,05,09,10,12,34,35
3024,09/06/2018,08,10,14,17,25,34
3023,07/06/2018,01,03,11,15,26,32
3022,05/06/2018,01,08,19,22,34,35
3021,02/06/2018,09,20,22,23,27,32
3020,29/05/2018,12,13,16,20,21,32
3019,26/05/2018,18,21,23,25,27,34
3018,22/05/2018,01,13,26,31,34,37
3017,20/05/2018,07,10,21,27,33,36
3016,15/05/2018,02,04,10,14,23,28
3015,12/05/2018,06,10,18,23,33,36
3014,10/05/2018,04,08,11,29,34,35
3013,08/05/2018,02,14,18,23,30,32
3012,05/05/2018,10,12,22,23,30,37
3011,01/05/2018,04,06,09,12,32,36
3010,28/04/2018,04,06,07,10,11,18
3009,26/04/2018,05,11,16,18,23,26
3008,24/04/2018,13,15,26,27,29,37
3007,21/04/2018,06,07,12,22,23,28
3006,16/04/2018,02,10,11,22,28,33
3005,14/04/2018,05,11,12,18,28,35
3004,10/04/2018,01,07,11,22,24,34
3003,08/04/2018,01,23,26,31,33,37
3002,03/04/2018,03,10,11,20,24,30
3001,31/03/2018,01,02,03,13,22,30
3000,27/03/2018,02,09,17,23,27,31
2999,24/03/2018,02,05,08,20,22,28
2998,20/03/2018,05,06,11,13,21,30
2997,17/03/2018,07,08,10,19,27,37
2996,13/03/2018,22,24,28,29,30,33
2995,10/03/2018,03,25,26,30,31,34
2994,08/03/2018,09,11,15,22,28,32
2993,06/03/2018,04,11,13,24,25,34
2992,03/03/2018,01,02,03,10,16,37
2991,27/02/2018,05,10,12,19,20,25
2990,24/02/2018,02,06,09,13,35,37
2989,20/02/2018,05,06,10,12,18,26
2988,17/02/2018,01,03,05,17,18,26
2987,13/02/2018,02,05,11,12,15,33
2986,10/02/2018,04,05,11,16,18,20
2985,06/02/2018,17,19,20,27,29,33
2984,03/02/2018,05,13,15,23,28,35
2983,01/02/2018,02,06,17,21,30,35
2982,30/01/2018,05,21,22,25,32,36
2981,27/01/2018,09,16,22,26,28,37
2980,23/01/2018,07,13,16,17,29,34
2979,20/01/2018,03,06,11,16,26,34
2978,16/01/2018,03,12,15,20,23,26
2977,13/01/2018,07,11,23,30,32,34
2976,09/01/2018,06,11,13,29,32,34
2975,06/01/2018,02,06,12,18,26,28
2974,04/01/2018,01,03,12,23,28,31
2973,02/01/2018,04,06,07,10,20,28
2972,30/12/2017,03,06,17,18,34,36
2971,28/12/2017,06,07,08,17,18,29
2970,26/12/2017,03,18,19,29,36,37
2969,23/12/2017,07,09,25,30,31,36
2968,19/12/2017,03,09,11,12,28,35
2967,16/12/2017,03,06,10,11,26,29
2966,12/12/2017,02,10,15,17,25,33
2965,09/12/2017,10,18,27,30,32,37
2964,07/12/2017,06,07,18,21,26,33
2963,05/12/2017,15,20,27,28,29,37
2962,02/12/2017,04,08,13,17,28,33
2961,28/11/2017,06,10,14,20,31,37
2960,25/11/2017,06,16,21,25,32,33
2959,21/11/2017,01,06,08,17,19,24
2958,18/11/2017,16,22,27,29,33,36
2957,14/11/2017,20,23,27,28,30,34
2956,11/11/2017,01,08,10,12,29,34
2955,07/11/2017,01,06,23,33,34,36
2954,04/11/2017,06,08,24,28,30,35
2953,02/11/2017,03,06,09,14,16,35
2952,31/10/2017,01,06,07,12,34,35
2951,28/10/2017,23,25,28,30,31,34
2950,24/10/2017,02,03,12,22,25,27
2949,21/10/2017,15,20,24,25,29,30
2948,19/10/2017,08,15,21,23,29,37
2947,17/10/2017,06,18,26,31,34,37
2946,14/10/2017,12,18,20,23,25,37
2945,10/10/2017,4,5,11,27,32,37
2944,07/10/2017,2,4,12,28,30,32
2943,03/10/2017,1,2,15,28,29,32
2942,01/10/2017,3,10,18,20,24,33
2941,26/09/2017,5,16,20,24,29,34
2940,24/09/2017,6,8,11,23,25,32
2939,19/09/2017,2,4,5,9,12,27
2938,16/09/2017,9,20,21,24,25,37
2937,12/09/2017,5,6,9,11,15,23
2936,09/09/2017,7,12,15,18,23,28
2935,07/09/2017,13,20,25,28,29,30
2934,05/09/2017,3,6,13,15,28,31
2933,02/09/2017,1,8,14,21,25,31
2932,29/08/2017,1,3,22,26,29,36
2931,26/08/2017,5,10,15,22,25,33
2930,24/08/2017,12,13,25,27,31,33
2929,22/08/2017,5,8,10,26,29,35
2928,19/08/2017,6,17,28,30,32,33
2927,15/08/2017,6,8,12,14,28,34
2926,12/08/2017,20,22,29,31,32,33
2925,08/08/2017,13,17,26,31,35,37
2924,05/08/2017,4,7,11,12,15,37
2923,03/08/2017,6,9,21,31,34,35
2922,01/08/2017,4,10,17,23,28,37
2921,29/07/2017,1,5,26,31,34,35
2920,25/07/2017,12,14,19,27,31,34
2919,22/07/2017,6,7,11,12,23,30
2918,18/07/2017,7,10,14,17,27,29
2917,15/07/2017,3,10,20,22,33,37
2916,11/07/2017,3,5,8,11,22,33
2915,08/07/2017,9,18,22,24,27,34
2914,06/07/2017,11,21,22,24,26,30
2913,04/07/2017,4,8,15,24,36,37
2912,01/07/2017,19,20,21,24,34,35
2911,27/06/2017,8,9,14,22,32,33
2910,24/06/2017,2,3,8,11,26,29
2909,20/06/2017,2,9,17,19,34,35
2908,17/06/2017,4,7,10,20,22,26
2907,15/06/2017,6,12,23,25,26,35
2906,13/06/2017,4,19,22,28,31,33
2905,10/06/2017,3,5,10,13,26,27
2904,06/06/2017,8,18,21,22,26,33
2903,03/06/2017,10,11,14,17,19,26
2902,31/05/2017,1,9,14,15,19,25
2901,27/05/2017,10,13,15,22,32,33
2900,23/05/2017,2,8,17,20,27,31
2899,20/05/2017,1,3,8,10,11,31
2898,16/05/2017,8,13,27,28,30,36
2897,13/05/2017,3,20,24,27,32,37
2896,11/05/2017,5,6,18,19,21,36
2895,09/05/2017,1,7,11,15,20,30
2894,06/05/2017,2,7,11,23,25,29
2893,03/05/2017,5,6,7,16,17,33
2892,29/04/2017,19,21,24,25,30,36
2891,25/04/2017,4,8,11,13,24,32
2890,22/04/2017,9,20,27,28,30,34
2889,18/04/2017,2,8,10,16,18,27
2888,15/04/2017,3,6,12,25,28,36
2887,12/04/2017,4,7,10,22,27,36
2886,08/04/2017,7,11,18,21,25,29
2885,06/04/2017,5,6,7,24,27,32
2884,04/04/2017,4,5,16,24,33,34
2883,01/04/2017,6,14,15,18,22,36
2882,28/03/2017,13,15,21,23,30,36
2881,25/03/2017,14,15,16,24,32,36
2880,23/03/2017,3,8,10,11,26,36
2879,21/03/2017,3,10,13,18,25,26
2878,18/03/2017,3,11,22,24,33,36
2877,14/03/2017,13,20,26,30,31,34
2876,11/03/2017,11,13,18,20,25,29
2875,07/03/2017,10,11,17,19,26,30
2874,04/03/2017,3,8,9,12,27,33
2873,28/02/2017,5,7,13,15,18,23
2872,25/02/2017,1,6,18,24,28,35
2871,21/02/2017,3,27,28,30,31,35
2870,18/02/2017,6,8,14,19,20,37
2869,14/02/2017,16,18,19,30,31,32
2868,11/02/2017,12,15,17,18,22,26
2867,07/02/2017,5,12,16,22,27,31
2866,04/02/2017,4,22,24,25,26,29
2865,31/01/2017,1,6,11,14,17,27
2864,28/01/2017,5,8,11,16,22,29
2863,24/01/2017,10,13,16,17,26,34
2862,21/01/2017,8,9,12,13,29,34
2861,17/01/2017,3,9,14,15,21,22
2860,14/01/2017,5,7,10,15,26,37
2859,10/01/2017,14,15,19,31,34,35
2858,07/01/2017,5,6,9,17,24,31
2857,03/01/2017,1,3,6,27,29,33
2856,31/12/2016,11,13,27,30,32,34
2855,27/12/2016,8,10,12,24,25,29
2854,24/12/2016,5,8,21,28,31,35
2853,20/12/2016,1,3,4,10,16,17
2852,17/12/2016,1,2,10,12,26,29
2851,13/12/2016,4,12,16,28,29,31
2850,10/12/2016,8,9,15,21,26,29
2849,06/12/2016,2,5,9,13,26,29
2848,03/12/2016,6,16,20,25,26,27
2847,29/11/2016,1,8,20,25,33,37
2846,26/11/2016,1,12,13,29,32,36
2845,22/11/2016,2,3,5,8,23,29
2844,19/11/2016,13,16,19,22,25,31
2843,15/11/2016,2,11,21,22,26,32
2842,12/11/2016,2,14,16,18,32,37
2841,08/11/2016,4,11,12,26,28,29
2840,05/11/2016,3,9,13,16,22,34
2839,01/11/2016,12,18,20,21,29,35
2838,29/10/2016,4,16,21,23,24,27
2837,25/10/2016,4,16,19,25,29,37
2836,22/10/2016,1,6,12,14,36,37
2835,18/10/2016,4,5,9,12,16,29
2834,15/10/2016,9,20,22,23,24,29
2833,10/10/2016,3,8,17,20,22,30
2832,08/10/2016,1,9,10,21,24,32
2831,05/10/2016,9,11,14,16,27,37
2830,01/10/2016,14,20,23,25,26,35
2829,27/09/2016,5,11,18,20,30,35
2828,24/09/2016,9,15,17,25,27,32
2827,20/09/2016,5,9,19,21,22,34
2826,17/09/2016,11,14,22,26,27,33
2825,13/09/2016,1,10,11,12,18,19
2824,10/09/2016,5,7,10,13,24,33
2823,06/09/2016,7,13,14,28,29,35
2822,03/09/2016,1,4,16,26,28,37
2821,30/08/2016,3,11,12,15,21,26
2820,27/08/2016,12,13,15,20,21,32
2819,23/08/2016,4,6,18,26,29,34
2818,20/08/2016,3,4,5,27,30,36
2817,16/08/2016,1,2,32,34,36,37
2816,14/08/2016,1,3,15,27,31,35
2815,09/08/2016,6,8,9,14,16,17
2814,06/08/2016,1,25,34,35,36,37
2813,02/08/2016,7,26,28,30,31,34
2812,30/07/2016,2,12,20,28,30,33
2811,26/07/2016,10,13,16,24,27,37
2810,23/07/2016,1,9,15,20,23,28
2809,19/07/2016,5,10,13,17,25,36
2808,16/07/2016,4,6,15,24,31,37
2807,12/07/2016,6,14,18,26,29,36
2806,09/07/2016,1,2,5,16,24,34
2805,05/07/2016,7,12,18,22,32,36
2804,02/07/2016,3,7,10,21,33,35
2803,28/06/2016,11,12,18,19,32,37
2802,25/06/2016,2,12,21,23,28,31
2801,21/06/2016,7,11,19,25,28,37
2800,18/06/2016,12,14,16,29,32,37
2799,14/06/2016,5,6,9,12,26,34
2798,12/06/2016,1,20,23,24,26,32
2797,07/06/2016,8,9,21,22,26,37
2796,04/06/2016,5,8,17,31,32,37
2795,31/05/2016,1,5,7,18,25,36
2794,28/05/2016,4,6,14,22,28,29
2793,24/05/2016,8,12,15,24,28,33
2792,21/05/2016,3,5,6,13,26,29
2791,17/05/2016,2,4,14,19,20,33
2790,14/05/2016,13,17,20,26,35,37
2789,10/05/2016,5,6,10,20,26,29
2788,07/05/2016,1,9,20,25,27,31
2787,03/05/2016,5,22,25,33,35,36
2786,01/05/2016,2,6,8,14,29,34
2785,26/04/2016,12,13,20,25,27,30
2784,23/04/2016,2,5,6,14,22,32
2783,19/04/2016,3,7,12,22,27,36
2782,16/04/2016,7,13,19,32,35,37
2781,12/04/2016,2,7,10,18,24,26
2780,09/04/2016,5,8,11,20,29,36
2779,05/04/2016,4,8,16,20,21,36
2778,02/04/2016,3,15,26,28,32,33
2777,29/03/2016,1,10,11,13,18,25
2776,26/03/2016,6,10,14,15,26,36
2775,22/03/2016,9,16,22,27,31,32
2774,19/03/2016,6,9,17,26,27,36
2773,15/03/2016,7,15,17,18,20,32
2772,12/03/2016,1,5,14,21,27,30
2771,08/03/2016,5,19,23,25,30,31
2770,05/03/2016,1,2,7,8,9,26
2769,01/03/2016,7,15,17,19,27,30
2768,27/02/2016,3,18,19,22,24,26
2767,23/02/2016,6,10,25,31,35,37
2766,20/02/2016,2,5,21,29,34,37
2765,16/02/2016,8,14,16,20,24,30
2764,13/02/2016,2,13,14,19,21,30
2763,09/02/2016,2,10,14,15,21,29
2762,06/02/2016,1,4,11,19,30,32
2761,02/02/2016,1,13,19,22,34,35
2760,30/01/2016,8,9,11,12,13,22
2759,26/01/2016,17,18,25,28,30,34
2758,23/01/2016,5,16,18,23,24,26
2757,19/01/2016,6,19,24,25,26,37
2756,16/01/2016,1,8,13,27,32,37
2755,12/01/2016,1,4,5,16,21,29
2754,09/01/2016,3,12,14,24,32,34
2753,05/01/2016,3,15,17,20,21,37
2752,02/01/2016,1,13,15,30,31,32
2751,29/12/2015,4,7,13,16,17,27
2750,26/12/2015,14,21,27,31,32,35
2749,22/12/2015,2,11,13,17,25,27
2748,19/12/2015,1,11,13,25,27,29
2747,15/12/2015,3,6,9,10,17,36
2746,12/12/2015,4,9,10,12,13,29
2745,08/12/2015,6,10,15,18,27,34
2744,05/12/2015,4,17,18,23,25,28
2743,01/12/2015,2,9,18,23,29,33
2742,28/11/2015,7,19,27,29,34,35
2741,24/11/2015,6,8,21,25,30,35
2740,21/11/2015,7,9,14,21,26,34
2739,17/11/2015,3,5,6,19,23,35
2738,14/11/2015,10,17,18,22,24,29
2737,10/11/2015,3,4,10,11,30,32
2736,07/11/2015,18,19,29,34,35,36
2735,03/11/2015,10,12,19,25,26,36
2734,31/10/2015,14,20,22,26,31,37
2733,27/10/2015,2,20,26,27,28,30
2732,24/10/2015,9,13,15,20,25,36
2731,20/10/2015,1,6,9,10,12,17
2730,17/10/2015,2,3,13,21,22,31
2729,13/10/2015,1,6,15,17,20,32
2728,10/10/2015,5,6,16,17,20,22
2727,06/10/2015,2,8,12,14,17,21
2726,03/10/2015,9,17,23,28,30,36
2725,29/09/2015,12,15,18,20,23,29
2724,26/09/2015,5,6,8,11,20,27
2723,21/09/2015,5,12,13,33,35,36
2722,19/09/2015,1,8,11,23,30,35
2721,16/09/2015,11,14,18,20,22,33
2720,12/09/2015,6,9,15,23,24,28
2719,08/09/2015,19,21,22,24,30,37
2718,05/09/2015,5,6,10,15,28,29
2717,01/09/2015,10,18,22,27,31,35
2716,29/08/2015,5,7,8,15,19,26
2715,25/08/2015,1,8,11,17,25,30
2714,22/08/2015,16,17,18,20,28,35
2713,18/08/2015,4,7,12,14,17,34
2712,15/08/2015,3,7,14,24,27,28
2711,11/08/2015,5,8,16,21,34,35
2710,08/08/2015,2,6,17,29,31,35
2709,04/08/2015,13,21,22,26,29,34
2708,01/08/2015,5,7,9,17,19,29
2707,28/07/2015,24,27,30,34,35,37
2706,26/07/2015,7,9,16,23,29,30
2705,21/07/2015,16,21,27,28,32,37
2704,18/07/2015,2,3,11,18,25,27
2703,14/07/2015,2,16,21,26,33,34
2702,11/07/2015,5,15,22,23,25,29
2701,07/07/2015,1,6,9,13,23,35
2700,04/07/2015,2,14,22,23,25,28
2699,30/06/2015,11,13,20,29,30,37
2698,27/06/2015,2,6,13,16,27,33
2697,23/06/2015,8,11,18,21,24,30
2696,20/06/2015,3,5,7,13,17,28
2695,16/06/2015,17,18,20,21,26,32
2694,13/06/2015,3,4,14,18,32,35
2693,09/06/2015,3,8,10,12,28,37
2692,06/06/2015,4,6,8,18,27,37
2691,02/06/2015,4,17,18,24,27,36
2690,30/05/2015,6,8,11,23,32,35
2689,26/05/2015,2,5,10,12,18,26
2688,24/05/2015,4,11,18,22,29,31
2687,19/05/2015,15,18,22,23,26,34
2686,16/05/2015,6,8,18,22,29,37
2685,12/05/2015,1,13,23,24,30,31
2684,09/05/2015,5,16,22,23,24,33
2683,05/05/2015,6,10,12,15,27,33
2682,02/05/2015,1,3,8,12,19,30
2681,28/04/2015,6,9,18,23,26,33
2680,25/04/2015,1,15,17,31,32,34
2679,21/04/2015,1,11,13,15,18,25
2678,18/04/2015,11,12,18,24,31,33
2677,14/04/2015,1,2,4,9,12,16
2676,12/04/2015,2,9,11,13,29,33
2675,07/04/2015,11,12,15,22,23,29
2674,04/04/2015,7,32,33,34,35,36
2673,31/03/2015,5,13,16,18,23,26
2672,28/03/2015,5,13,21,22,25,28
2671,24/03/2015,2,3,5,10,26,27
2670,21/03/2015,11,15,17,27,33,37
2669,17/03/2015,11,15,22,29,35,37
2668,14/03/2015,14,15,18,22,23,29
2667,10/03/2015,6,10,15,19,36,37
2666,07/03/2015,3,14,15,19,26,33
2665,03/03/2015,2,10,11,13,22,37
2664,28/02/2015,11,13,22,29,31,33
2663,24/02/2015,10,16,22,30,35,36
2662,21/02/2015,4,14,16,22,28,33
2661,17/02/2015,3,13,14,18,28,30
2660,14/02/2015,8,11,13,20,22,25
2659,10/02/2015,1,6,10,22,24,26
2658,07/02/2015,8,12,17,21,27,30
2657,03/02/2015,8,12,21,24,25,27
2656,31/01/2015,1,10,16,28,29,32
2655,27/01/2015,4,6,13,19,33,35
2654,24/01/2015,4,11,19,28,31,34
2653,20/01/2015,11,24,30,34,35,37
2652,17/01/2015,1,7,11,17,36,37
2651,13/01/2015,4,8,17,20,25,30
2650,10/01/2015,3,8,10,15,30,33
2649,06/01/2015,4,13,22,25,28,30
2648,03/01/2015,9,20,22,23,29,31
2647,30/12/2014,1,2,5,12,34,35
2646,27/12/2014,4,5,18,20,28,36
2645,23/12/2014,7,9,20,24,28,35
2644,20/12/2014,6,12,25,27,30,37
2643,16/12/2014,9,12,25,29,34,36
2642,13/12/2014,2,9,27,29,32,36
2641,09/12/2014,5,7,10,15,22,35
2640,06/12/2014,3,20,28,31,33,37
2639,02/12/2014,1,2,9,11,15,21
2638,29/11/2014,2,10,14,17,28,34
2637,25/11/2014,2,9,13,16,28,29
2636,22/11/2014,4,6,10,11,14,25
2635,18/11/2014,1,3,29,30,33,35
2634,15/11/2014,4,8,9,23,25,31
2633,11/11/2014,3,11,18,25,33,36
2632,08/11/2014,7,16,18,21,23,36
2631,04/11/2014,2,19,28,29,34,36
2630,01/11/2014,1,2,5,15,27,31
2629,28/10/2014,12,15,20,30,33,37
2628,25/10/2014,2,5,6,10,19,29
2627,21/10/2014,5,7,9,11,24,29
2626,18/10/2014,9,10,11,12,21,32
2625,14/10/2014,5,10,17,23,32,36
2624,11/10/2014,2,6,11,16,27,34
2623,07/10/2014,8,10,15,23,26,34
2622,05/10/2014,1,9,10,21,26,37
2621,30/09/2014,8,13,17,18,34,36
2620,28/09/2014,13,17,19,26,30,36
2619,23/09/2014,7,9,10,34,35,36
2618,20/09/2014,7,19,20,25,31,34
2617,16/09/2014,3,8,11,19,26,35
2616,13/09/2014,1,4,12,18,31,37
2615,09/09/2014,2,12,14,27,29,32
2614,06/09/2014,3,15,24,25,26,35
2613,02/09/2014,6,10,18,27,35,36
2612,30/08/2014,2,9,28,31,32,35
2611,26/08/2014,2,7,10,23,26,35
2610,23/08/2014,5,15,20,25,27,32
2609,19/08/2014,4,16,30,32,34,36
2608,16/08/2014,2,5,7,16,22,37
2607,12/08/2014,3,15,21,28,30,32
2606,09/08/2014,4,11,13,20,32,35
2605,05/08/2014,5,9,21,23,28,33
2604,02/08/2014,6,13,14,21,23,26
2603,29/07/2014,3,5,8,16,17,20
2602,26/07/2014,2,3,28,30,33,35
2601,22/07/2014,2,10,12,23,30,33
2600,19/07/2014,4,11,27,32,34,37
2599,15/07/2014,7,14,20,27,29,31
2598,12/07/2014,4,11,12,13,20,27
2597,08/07/2014,2,5,18,19,20,31
2596,05/07/2014,1,10,17,21,22,31
2595,01/07/2014,5,13,17,26,29,33
2594,28/06/2014,1,2,6,19,29,33
2593,24/06/2014,7,8,15,30,33,34
2592,21/06/2014,8,11,22,33,34,35
2591,17/06/2014,7,8,15,18,29,34
2590,14/06/2014,13,15,24,25,30,32
2589,10/06/2014,6,8,9,25,29,37
2588,07/06/2014,4,9,10,14,19,35
2587,04/06/2014,11,17,19,31,36,37
2586,31/05/2014,5,11,12,13,15,22
2585,27/05/2014,3,4,6,18,26,29
2584,24/05/2014,5,10,19,25,32,35
2583,20/05/2014,2,6,12,26,30,35
2582,17/05/2014,1,3,11,16,20,35
2581,13/05/2014,3,11,17,20,31,32
2580,10/05/2014,1,2,3,4,7,25
2579,07/05/2014,6,8,9,17,29,30
2578,03/05/2014,20,22,28,31,35,36
2577,29/04/2014,3,5,9,14,22,23
2576,26/04/2014,2,4,13,16,29,34
2575,22/04/2014,1,3,5,16,26,30
2574,19/04/2014,2,3,20,31,35,37
2573,16/04/2014,4,9,23,28,34,36
2572,12/04/2014,11,16,19,24,27,35
2571,08/04/2014,10,21,28,30,31,35
2570,05/04/2014,2,12,18,28,33,34
2569,01/04/2014,15,17,23,25,30,35
2568,29/03/2014,4,13,24,25,32,34
2567,25/03/2014,3,6,16,28,32,33
2566,22/03/2014,3,4,23,26,31,35
2565,18/03/2014,4,9,12,14,17,29
2564,15/03/2014,7,17,24,29,36,37
2563,11/03/2014,1,3,6,9,34,37
2562,08/03/2014,17,21,23,24,26,35
2561,04/03/2014,3,6,17,23,27,32
2560,01/03/2014,4,8,9,22,29,33
2559,25/02/2014,5,6,11,21,22,28
2558,22/02/2014,3,8,23,26,28,29
2557,18/02/2014,3,7,14,21,27,37
2556,15/02/2014,1,6,10,16,21,22
2555,11/02/2014,2,5,18,20,23,29
2554,08/02/2014,16,22,26,29,36,37
2553,04/02/2014,1,2,4,28,29,31
2552,01/02/2014,1,5,12,22,24,27
2551,28/01/2014,20,24,26,28,32,33
2550,25/01/2014,13,15,26,28,29,36
2549,21/01/2014,18,22,30,34,35,37
2548,18/01/2014,1,11,15,16,23,32
2547,14/01/2014,2,8,10,13,35,37
2546,11/01/2014,1,3,4,22,28,36
2545,07/01/2014,12,13,18,31,32,36
2544,04/01/2014,7,9,13,18,21,22
2543,31/12/2013,7,9,10,22,24,33
2542,28/12/2013,4,14,16,21,33,36
2541,24/12/2013,9,18,25,30,33,37
2540,21/12/2013,5,20,21,26,30,35
2539,17/12/2013,13,15,17,24,26,27
2538,14/12/2013,5,11,25,26,29,36
2537,10/12/2013,1,8,12,19,26,27
2536,07/12/2013,1,3,11,13,21,28
2535,03/12/2013,2,10,16,26,27,30
2534,30/11/2013,11,21,29,33,35,37
2533,26/11/2013,11,14,19,21,26,33
2532,23/11/2013,1,9,17,29,30,37
2531,19/11/2013,4,6,10,17,28,32
2530,16/11/2013,7,19,22,28,30,33
2529,12/11/2013,14,22,24,33,35,36
2528,09/11/2013,3,4,24,27,31,36
2527,05/11/2013,1,10,12,19,35,36
2526,02/11/2013,2,8,12,19,26,27
2525,29/10/2013,1,7,10,21,28,30
2524,26/10/2013,1,2,7,12,29,33
2523,22/10/2013,11,17,21,23,26,27
2522,19/10/2013,6,13,15,22,23,37
2521,15/10/2013,5,8,10,20,34,37
2520,12/10/2013,3,8,16,19,25,27
2519,08/10/2013,3,7,13,17,18,28
2518,05/10/2013,2,4,12,27,34,37
2517,01/10/2013,10,11,19,21,23,29
2516,28/09/2013,3,9,14,20,34,35
2515,24/09/2013,11,21,22,23,28,37
2514,21/09/2013,3,8,17,19,24,33
2513,17/09/2013,17,20,26,28,30,33
2512,15/09/2013,1,3,4,6,12,13
2511,10/09/2013,3,13,24,27,33,35
2510,08/09/2013,2,6,16,28,35,37
2509,03/09/2013,8,14,27,29,33,37
2508,31/08/2013,7,12,16,22,24,25
2507,27/08/2013,4,16,17,19,30,34
2506,24/08/2013,6,10,11,15,19,24
2505,20/08/2013,8,13,16,17,29,37
2504,17/08/2013,5,9,17,19,33,35
2503,13/08/2013,1,5,14,19,26,28
2502,10/08/2013,1,3,18,19,35,37
2501,06/08/2013,2,3,4,27,30,32
2500,03/08/2013,5,8,9,17,24,32
2499,30/07/2013,13,14,26,29,31,35
2498,27/07/2013,8,9,11,16,31,34
2497,23/07/2013,8,13,23,26,27,29
2496,20/07/2013,3,7,8,24,34,36
2495,16/07/2013,4,11,12,15,30,33
2494,13/07/2013,12,18,19,28,29,34
2493,09/07/2013,7,16,19,21,31,36
2492,06/07/2013,4,19,27,30,31,35
2491,02/07/2013,4,10,15,24,28,29
2490,29/06/2013,8,10,17,18,35,37
2489,25/06/2013,4,21,22,23,27,35
2488,22/06/2013,3,6,7,10,16,30
2487,18/06/2013,3,9,10,22,28,33
2486,15/06/2013,11,15,21,29,31,36
2485,11/06/2013,3,21,25,26,36,37
2484,08/06/2013,4,6,17,19,21,36
2483,04/06/2013,13,17,21,27,29,31
2482,01/06/2013,12,19,21,23,26,35
2481,28/05/2013,2,11,16,18,26,36
2480,25/05/2013,3,9,21,26,29,37
2479,21/05/2013,8,10,14,17,20,34
2478,18/05/2013,2,4,24,25,32,34
2477,15/05/2013,3,7,15,19,24,33
2476,11/05/2013,7,20,26,33,34,35
2475,07/05/2013,10,19,20,24,28,33
2474,04/05/2013,1,4,6,9,25,35
2473,30/04/2013,1,2,3,10,16,29
2472,27/04/2013,12,13,28,33,35,37
2471,23/04/2013,2,7,12,19,27,37
2470,20/04/2013,18,20,25,27,32,36
2469,17/04/2013,1,26,28,32,33,35
2468,13/04/2013,1,11,15,24,27,34
2467,09/04/2013,11,20,21,22,25,36
2466,06/04/2013,8,12,13,27,28,34
2465,02/04/2013,1,8,12,19,30,35
2464,30/03/2013,8,10,12,15,19,30
2463,27/03/2013,3,4,7,21,33,37
2462,23/03/2013,6,12,13,24,27,29
2461,19/03/2013,1,8,9,18,19,20
2460,16/03/2013,17,25,29,30,33,37
2459,12/03/2013,2,14,27,28,32,34
2458,09/03/2013,7,9,13,14,30,33
2457,05/03/2013,5,13,19,22,28,33
2456,02/03/2013,3,4,26,30,34,37
2455,26/02/2013,3,9,13,17,25,37
2454,23/02/2013,13,16,24,31,35,36
2453,19/02/2013,4,23,25,30,32,35
2452,16/02/2013,6,8,14,20,25,29
2451,12/02/2013,1,15,17,21,34,37
2450,09/02/2013,4,20,21,26,35,37
2449,05/02/2013,3,5,10,17,30,32
2448,02/02/2013,1,9,11,20,25,27
2447,29/01/2013,9,16,18,30,32,33
2446,26/01/2013,6,9,13,17,29,34
2445,22/01/2013,1,6,14,20,29,36
2444,19/01/2013,10,12,26,27,31,36
2443,15/01/2013,5,13,14,16,18,21
2442,12/01/2013,1,3,11,25,33,34
2441,08/01/2013,9,16,17,20,32,33
2440,05/01/2013,7,10,12,19,25,36
2439,01/01/2013,5,11,12,13,15,20
2438,29/12/2012,11,13,18,26,27,36
2437,25/12/2012,1,4,5,7,18,23
2436,22/12/2012,7,16,28,31,33,35
2435,20/12/2012,6,9,24,25,33,34
2434,18/12/2012,8,14,18,22,25,31
2433,15/12/2012,7,10,17,23,24,31
2432,11/12/2012,2,9,15,22,31,33
2431,08/12/2012,3,10,11,13,26,37
2430,06/12/2012,5,6,9,26,32,35
2429,04/12/2012,2,3,6,19,25,27
2428,01/12/2012,2,8,12,31,34,35
2427,27/11/2012,12,14,19,20,23,25
2426,24/11/2012,8,11,25,30,31,33
2425,20/11/2012,4,5,21,30,36,37
2424,17/11/2012,2,12,13,16,23,25
2423,13/11/2012,6,8,14,25,26,31
2422,10/11/2012,12,15,24,26,31,33
2421,06/11/2012,11,19,21,22,26,30
2420,03/11/2012,1,8,10,12,16,26
2419,01/11/2012,2,7,10,11,29,32
2418,30/10/2012,5,7,14,15,16,35
2417,27/10/2012,3,9,15,24,30,35
2416,23/10/2012,1,3,7,18,28,34
2415,20/10/2012,6,17,22,24,26,31
2414,18/10/2012,2,3,6,20,21,30
2413,16/10/2012,7,10,11,19,23,25
2412,13/10/2012,3,9,14,19,27,31
2411,09/10/2012,2,4,7,24,32,36
2410,06/10/2012,2,8,16,23,29,36
2409,02/10/2012,1,8,20,21,33,37
2408,29/09/2012,4,8,27,30,34,36
2407,27/09/2012,2,12,20,22,24,32
2406,22/09/2012,12,13,16,18,35,37
2405,20/09/2012,11,19,22,23,25,36
2404,15/09/2012,2,6,12,16,21,26
2403,11/09/2012,3,5,10,11,12,21
2402,08/09/2012,8,23,26,31,34,35
2401,06/09/2012,9,13,21,22,24,31
2400,04/09/2012,3,7,15,29,31,34
2399,01/09/2012,2,3,18,20,26,35
2398,28/08/2012,2,6,19,29,36,37
2397,25/08/2012,7,11,26,27,28,34
2396,21/08/2012,6,7,17,18,25,35
2395,18/08/2012,4,12,16,21,26,30
2394,14/08/2012,5,8,25,29,30,31
2393,11/08/2012,9,16,21,24,26,33
2392,07/08/2012,1,15,21,23,26,36
2391,04/08/2012,4,12,19,23,27,31
2390,02/08/2012,3,8,30,34,35,36
2389,31/07/2012,1,5,11,18,26,30
2388,27/07/2012,3,15,26,27,36,37
2387,24/07/2012,1,11,21,25,26,31
2386,21/07/2012,4,8,21,22,24,29
2385,17/07/2012,9,15,25,26,28,32
2384,14/07/2012,2,11,12,18,24,26
2383,10/07/2012,7,20,23,24,25,36
2382,07/07/2012,4,8,14,21,27,37
2381,05/07/2012,5,8,11,21,35,37
2380,03/07/2012,9,15,25,30,32,33
2379,30/06/2012,3,8,9,10,16,36
2378,26/06/2012,1,2,14,15,28,31
2377,23/06/2012,10,12,18,21,25,35
2376,21/06/2012,6,7,11,30,33,35
2375,19/06/2012,2,5,14,21,36,37
2374,16/06/2012,1,2,3,16,28,30
2373,12/06/2012,5,7,11,24,26,30
2372,09/06/2012,1,6,25,29,33,34
2371,07/06/2012,5,10,12,20,22,31
2370,05/06/2012,7,21,26,31,32,35
2369,02/06/2012,2,8,12,17,21,24
2368,29/05/2012,3,8,10,23,24,34
2367,27/05/2012,14,19,30,34,35,36
2366,22/05/2012,9,11,21,25,26,32
2365,19/05/2012,5,6,7,16,23,36
2364,15/05/2012,4,5,18,23,32,36
2363,12/05/2012,1,2,3,14,23,29
2362,08/05/2012,2,21,22,23,28,30
2361,05/05/2012,18,22,25,26,27,33
2360,03/05/2012,4,15,17,20,21,25
2359,01/05/2012,8,9,19,27,28,33
2358,28/04/2012,5,17,19,22,25,32
2357,23/04/2012,1,2,9,12,26,29
2356,21/04/2012,1,8,21,23,28,32
2355,17/04/2012,3,5,7,27,35,36
2354,15/04/2012,3,11,12,15,22,33
2353,10/04/2012,1,8,14,21,23,31
2352,08/04/2012,7,16,17,18,20,36
2351,03/04/2012,8,13,15,21,23,26
2350,31/03/2012,6,8,9,11,17,31
2349,29/03/2012,8,12,13,16,30,37
2348,27/03/2012,3,5,12,23,24,32
2347,24/03/2012,1,3,5,11,19,24
2346,20/03/2012,2,14,15,23,27,31
2345,17/03/2012,1,4,14,23,29,30
2344,13/03/2012,2,3,10,11,28,34
2343,10/03/2012,12,19,23,30,35,37
2342,06/03/2012,6,13,14,22,28,29
2341,03/03/2012,2,7,8,14,31,34
2340,01/03/2012,11,13,24,26,29,34
2339,28/02/2012,2,10,14,32,34,36
2338,25/02/2012,1,5,11,13,21,35
2337,21/02/2012,18,21,22,23,25,36
2336,18/02/2012,3,5,7,8,32,37
2335,14/02/2012,7,10,22,23,27,36
2334,11/02/2012,2,4,25,30,33,37
2333,07/02/2012,1,2,17,19,29,32
2332,04/02/2012,15,16,17,25,27,30
2331,02/02/2012,14,17,29,31,32,35
2330,31/01/2012,8,15,20,26,27,34
2329,28/01/2012,8,12,18,20,29,32
2328,24/01/2012,3,10,15,24,28,37
2327,21/01/2012,14,16,27,28,32,36
2326,17/01/2012,2,19,22,25,26,28
2325,14/01/2012,5,10,14,25,27,33
2324,10/01/2012,7,10,16,21,25,28
2323,07/01/2012,1,2,20,21,25,28
2322,05/01/2012,3,23,25,28,29,33
2321,03/01/2012,7,25,27,31,32,34
2320,31/12/2011,2,3,8,15,19,34
2319,27/12/2011,5,6,7,12,33,36
2318,24/12/2011,1,3,13,14,17,36
2317,20/12/2011,4,16,21,26,28,30
2316,17/12/2011,6,7,22,30,31,36
2315,13/12/2011,2,4,5,11,15,24
2314,11/12/2011,3,10,23,27,32,37
2313,06/12/2011,6,13,15,17,19,35
2312,03/12/2011,7,8,20,26,30,34
2311,29/11/2011,12,21,25,27,29,31
2310,26/11/2011,2,7,10,20,23,32
2309,22/11/2011,15,16,20,24,28,35
2308,19/11/2011,15,19,22,29,33,37
2307,15/11/2011,2,4,5,7,24,33
2306,12/11/2011,3,12,16,21,26,36
2305,08/11/2011,1,2,14,15,18,32
2304,05/11/2011,6,15,20,25,28,30
2303,01/11/2011,2,15,17,18,20,34
2302,29/10/2011,2,7,9,14,23,24
2301,25/10/2011,10,13,20,35,36,37
2300,23/10/2011,9,18,20,31,32,37
2299,18/10/2011,2,4,17,20,26,34
2298,15/10/2011,7,12,15,27,33,37
2297,11/10/2011,1,3,4,7,20,34
2296,09/10/2011,3,9,12,17,24,30
2295,04/10/2011,5,8,10,16,19,31
2294,02/10/2011,12,16,24,29,33,35
2293,27/09/2011,3,5,10,11,34,36
2292,24/09/2011,4,15,16,17,35,37
2291,20/09/2011,9,13,16,17,34,35
2290,17/09/2011,15,18,21,29,31,34
2289,13/09/2011,15,19,29,31,34,35
2288,10/09/2011,10,11,14,19,20,29
2287,06/09/2011,6,7,12,18,25,26
2286,03/09/2011,9,16,18,20,21,25
2285,30/08/2011,1,2,3,5,22,28
2284,27/08/2011,8,12,15,23,34,35
2283,23/08/2011,16,17,21,28,33,37
2282,20/08/2011,17,18,24,30,36,37
2281,16/08/2011,4,6,8,32,35,37
2280,13/08/2011,4,7,12,18,20,36
2279,09/08/2011,9,15,17,18,25,26
2278,06/08/2011,1,2,10,15,25,32
2277,02/08/2011,7,10,14,18,20,36
2276,30/07/2011,1,5,13,24,30,37
2275,26/07/2011,1,4,11,26,28,34
2274,23/07/2011,15,17,23,24,27,31
2273,19/07/2011,1,16,20,24,29,36
2272,16/07/2011,7,11,17,21,23,37
2271,12/07/2011,1,2,9,21,22,36
2270,09/07/2011,3,11,15,17,22,23
2269,05/07/2011,1,6,19,23,33,37
2268,02/07/2011,4,11,17,24,25,30
2267,28/06/2011,21,24,30,32,36,37
2266,25/06/2011,6,10,16,20,23,30
2265,21/06/2011,5,16,19,25,28,34
2264,18/06/2011,4,16,19,29,30,32
2263,14/06/2011,1,3,4,18,24,26
2262,11/06/2011,2,8,12,17,26,35
2261,08/06/2011,8,11,13,16,32,37
2260,04/06/2011,5,9,12,16,20,26
2259,31/05/2011,2,9,20,22,23,33
2258,28/05/2011,6,10,16,19,27,32
2257,24/05/2011,7,12,18,23,34,36
2256,21/05/2011,2,16,17,31,35,36
2255,17/05/2011,3,12,15,16,27,34
2254,14/05/2011,10,16,21,23,35,37
2253,11/05/2011,4,8,12,14,22,24
2252,07/05/2011,1,12,14,20,21,29
2251,03/05/2011,5,11,13,14,34,36
2250,30/04/2011,3,4,19,23,27,33
2249,27/04/2011,3,14,17,24,30,35
2248,23/04/2011,10,14,19,20,23,34
2247,20/04/2011,12,13,15,26,28,36
2246,16/04/2011,7,8,11,13,15,28
2245,12/04/2011,5,12,17,19,24,34
2244,09/04/2011,6,16,18,22,26,31
2243,05/04/2011,5,6,8,12,29,35
2242,02/04/2011,6,14,16,19,21,30
2241,29/03/2011,6,13,21,23,24,29
2240,26/03/2011,8,12,13,19,23,29
2239,22/03/2011,4,5,7,8,15,33
2238,19/03/2011,8,10,17,19,24,32
2237,15/03/2011,4,11,18,19,22,28
2236,12/03/2011,3,7,14,17,18,20
2235,08/03/2011,2,7,8,9,13,28
2234,05/03/2011,2,17,19,21,26,31
2233,01/03/2011,13,20,25,28,33,35
2232,26/02/2011,19,23,24,28,29,33
2231,22/02/2011,1,9,10,11,15,21
2230,19/02/2011,1,10,12,17,26,30
2229,15/02/2011,10,16,19,24,27,32
2228,12/02/2011,1,4,18,20,26,31
2227,08/02/2011,3,7,9,18,30,35
2226,05/02/2011,7,20,24,26,34,36
2225,01/02/2011,8,12,21,31,33,34
2224,29/01/2011,7,10,12,13,30,36
2223,25/01/2011,5,7,21,25,36,37
2222,22/01/2011,4,11,13,20,29,33
2221,18/01/2011,6,7,12,22,26,37
2220,15/01/2011,7,12,16,22,25,28
2219,11/01/2011,5,21,25,26,29,37
2218,08/01/2011,3,11,29,32,33,35
2217,04/01/2011,4,13,21,24,26,31
2216,01/01/2011,2,13,14,19,31,35
2215,28/12/2010,2,9,10,22,31,37
2214,25/12/2010,7,8,10,16,28,35
2213,21/12/2010,6,8,10,20,22,36
2212,18/12/2010,2,5,6,9,17,35
2211,14/12/2010,3,8,11,19,21,32
2210,11/12/2010,5,8,19,23,28,36
2209,07/12/2010,3,7,11,16,17,36
2208,04/12/2010,3,11,12,20,27,34
2207,30/11/2010,12,19,23,25,28,32
2206,27/11/2010,6,9,12,18,23,25
2205,23/11/2010,4,9,12,16,21,31
2204,20/11/2010,7,13,14,21,35,37
2203,16/11/2010,11,12,14,15,32,34
2202,13/11/2010,12,15,19,31,35,37
2201,09/11/2010,21,22,26,29,33,36
2200,06/11/2010,18,20,21,24,25,31
2199,02/11/2010,2,11,24,31,35,36
2198,30/10/2010,8,11,16,30,31,33
2197,26/10/2010,1,11,15,17,29,32
2196,23/10/2010,4,5,14,17,23,35
2195,19/10/2010,8,9,21,28,32,33
2194,16/10/2010,13,14,26,32,33,36
2193,12/10/2010,10,17,29,32,34,35
2192,09/10/2010,13,14,21,30,32,37
2191,05/10/2010,3,14,24,29,30,33
2190,02/10/2010,13,14,18,31,34,35
2189,28/09/2010,2,14,15,16,25,35
2188,25/09/2010,4,15,20,21,27,32
2187,21/09/2010,13,14,26,32,33,36
2186,19/09/2010,3,4,5,27,29,30
2185,14/09/2010,14,16,21,22,24,35
2184,12/09/2010,1,4,13,16,34,36
2183,07/09/2010,4,5,16,17,30,35
2182,04/09/2010,10,15,24,25,30,37
2181,31/08/2010,12,13,16,18,22,36
2180,28/08/2010,1,7,11,15,21,34
2179,24/08/2010,3,8,11,12,25,27
2178,21/08/2010,1,10,12,13,15,37
2177,17/08/2010,1,7,12,14,25,30
2176,14/08/2010,8,17,18,24,26,31
2175,10/08/2010,12,17,18,19,21,37
2174,07/08/2010,7,8,18,19,20,33
2173,03/08/2010,15,19,27,28,30,31
2172,31/07/2010,1,6,7,13,19,29
2171,27/07/2010,1,6,9,24,35,36
2170,24/07/2010,3,4,5,14,26,32
2169,20/07/2010,2,9,13,20,21,24
2168,17/07/2010,1,8,9,10,16,37
2167,13/07/2010,6,9,20,22,27,36
2166,10/07/2010,6,8,9,16,25,36
2165,06/07/2010,7,9,21,23,24,27
2164,03/07/2010,4,8,12,14,29,37
2163,01/07/2010,3,4,6,8,15,20
2162,29/06/2010,1,11,13,27,29,32
2161,26/06/2010,6,10,14,16,28,31
2160,24/06/2010,8,15,23,25,26,37
2159,22/06/2010,2,11,16,18,22,29
2158,19/06/2010,4,5,6,7,10,28
2157,15/06/2010,2,6,17,20,21,30
2156,12/06/2010,7,8,15,23,25,26
2155,08/06/2010,11,12,23,25,28,31
2154,05/06/2010,10,22,25,29,31,34
2153,03/06/2010,2,10,15,26,28,34
2152,01/06/2010,2,10,11,12,19,34
2151,29/05/2010,1,4,17,19,27,36
2150,25/05/2010,9,10,12,16,20,23
2149,22/05/2010,18,19,23,24,28,31
2148,19/05/2010,2,3,9,18,23,30
2147,15/05/2010,4,8,14,19,35,36
2146,11/05/2010,4,17,19,22,32,35
2145,08/05/2010,1,10,12,19,30,32
2144,06/05/2010,1,2,12,16,22,25
2143,04/05/2010,9,18,31,33,34,35
2142,01/05/2010,2,8,9,18,20,27
2141,27/04/2010,2,3,5,8,10,14
2140,24/04/2010,4,7,22,29,31,36
2139,21/04/2010,6,10,23,24,28,36
2138,17/04/2010,1,11,20,27,28,30
2137,13/04/2010,5,11,14,15,21,32
2136,10/04/2010,12,15,21,24,28,34
2135,06/04/2010,2,11,18,22,31,36
2134,03/04/2010,6,9,10,21,26,27
2133,30/03/2010,1,5,10,22,28,30
2132,27/03/2010,7,11,15,25,30,36
2131,23/03/2010,8,12,21,25,27,31
2130,20/03/2010,4,11,12,14,25,29
2129,16/03/2010,14,15,21,27,30,32
2128,13/03/2010,1,2,13,15,24,26
2127,09/03/2010,7,8,9,13,20,33
2126,06/03/2010,6,7,27,34,35,36
2125,02/03/2010,6,11,18,25,29,33
2124,27/02/2010,7,16,21,24,26,34
2123,23/02/2010,13,23,25,29,31,35
2122,20/02/2010,3,4,13,15,18,19
2121,16/02/2010,1,2,13,24,30,32
2120,13/02/2010,1,8,11,13,15,25
2119,09/02/2010,11,18,24,26,31,34
2118,06/02/2010,7,19,22,24,28,37
2117,02/02/2010,5,13,14,15,18,30
2116,30/01/2010,14,23,26,27,33,35
2115,26/01/2010,2,11,14,24,28,30
2114,23/01/2010,9,10,11,14,24,33
2113,19/01/2010,6,9,19,25,32,33
2112,16/01/2010,10,12,14,15,28,37
2111,12/01/2010,2,7,9,10,12,20
2110,09/01/2010,1,3,4,32,33,35
2109,05/01/2010,3,6,22,32,33,36
2108,02/01/2010,1,11,12,27,31,35
2107,29/12/2009,7,8,12,13,29,31
2106,26/12/2009,6,8,14,21,23,24
2105,22/12/2009,16,19,22,24,26,28
2104,19/12/2009,10,15,19,25,34,36
2103,15/12/2009,9,21,22,23,25,35
2102,12/12/2009,4,6,12,23,26,30
2101,08/12/2009,1,6,15,20,22,24
2100,05/12/2009,3,22,25,28,33,34
2099,01/12/2009,1,11,13,24,29,31
2098,28/11/2009,9,10,16,27,30,34
2097,24/11/2009,5,6,7,24,29,33
2096,21/11/2009,1,14,16,17,27,36
2095,17/11/2009,2,12,13,18,28,30
2094,14/11/2009,5,6,14,31,32,34
2093,10/11/2009,4,17,18,22,31,32
2092,07/11/2009,3,11,17,18,25,33
2091,03/11/2009,3,6,9,11,25,32
2090,31/10/2009,6,8,17,20,22,25
2089,27/10/2009,3,10,11,23,24,25
2088,24/10/2009,5,7,19,23,30,33
2087,20/10/2009,8,14,25,27,31,37
2086,17/10/2009,1,3,10,14,23,37
2085,13/10/2009,2,11,15,19,28,36
2084,10/10/2009,2,6,12,17,32,37
2083,06/10/2009,3,12,20,22,25,28
2082,03/10/2009,1,14,16,17,26,34
2081,29/09/2009,4,8,14,21,22,34
2080,26/09/2009,2,4,8,11,16,34
2079,22/09/2009,2,6,8,18,21,29
2078,20/09/2009,5,6,10,23,25,34
2077,15/09/2009,21,23,25,30,31,33
2076,12/09/2009,14,17,24,30,32,35
2075,08/09/2009,8,14,20,21,28,35
2074,05/09/2009,3,10,14,17,22,37
2073,01/09/2009,4,8,11,16,27,31
2072,29/08/2009,7,8,11,12,20,35
2071,25/08/2009,6,7,14,16,17,28
2070,22/08/2009,1,10,21,22,31,34
2069,18/08/2009,12,17,20,22,25,30
2068,15/08/2009,8,11,17,21,25,31
2067,11/08/2009,7,16,20,22,32,34
2066,08/08/2009,4,13,16,23,33,37
2065,06/08/2009,4,5,11,28,29,34
2064,04/08/2009,1,3,16,23,33,37
2063,01/08/2009,3,5,20,27,33,37
2062,28/07/2009,1,2,4,22,29,36
2061,25/07/2009,2,3,4,17,20,26
2060,21/07/2009,3,7,17,19,21,33
2059,18/07/2009,6,20,30,32,34,35
2058,14/07/2009,6,7,10,15,16,20
2057,11/07/2009,4,17,18,24,26,37
2056,07/07/2009,2,3,13,14,20,26
2055,04/07/2009,8,9,14,18,22,37
2054,02/07/2009,6,11,21,24,25,26
2053,30/06/2009,2,11,12,21,35,36
2052,27/06/2009,2,12,24,25,27,28
2051,23/06/2009,6,11,13,17,26,31
2050,20/06/2009,8,9,11,28,30,35
2049,18/06/2009,20,27,30,32,34,37
2048,16/06/2009,6,18,19,23,27,31
2047,13/06/2009,2,8,10,18,21,28
2046,09/06/2009,9,12,14,15,23,34
2045,06/06/2009,13,23,29,31,32,34
2044,04/06/2009,5,6,8,16,18,30
2043,02/06/2009,6,9,12,19,27,32
2042,30/05/2009,2,22,24,32,36,37
2041,26/05/2009,2,5,9,17,23,33
2040,23/05/2009,21,23,29,30,31,35
2039,19/05/2009,4,5,10,11,30,37
2038,16/05/2009,4,15,20,30,31,35
2037,12/05/2009,3,6,18,26,27,34
2036,09/05/2009,13,16,17,19,21,28
2035,07/05/2009,7,9,28,29,36,37
2034,05/05/2009,16,24,29,32,36,37
2033,02/05/2009,5,11,15,20,21,26
2032,29/04/2009,2,6,13,21,27,31
2031,25/04/2009,1,5,6,16,27,33
2030,21/04/2009,10,17,19,32,35,37
2029,18/04/2009,13,16,18,25,32,33
2028,15/04/2009,9,12,17,18,33,34
2027,11/04/2009,4,5,10,11,20,25
2026,07/04/2009,3,18,21,24,27,29
2025,04/04/2009,15,17,21,35,36,37
2024,02/04/2009,1,9,17,25,28,33
2023,31/03/2009,2,8,21,22,33,35
2022,28/03/2009,12,13,20,24,28,31
2021,24/03/2009,2,8,12,21,26,28
2020,21/03/2009,3,4,12,14,20,31
2019,17/03/2009,7,9,10,11,20,33
2018,14/03/2009,3,8,10,11,19,31
2017,10/03/2009,5,11,15,28,30,34
2016,07/03/2009,1,2,10,14,17,21
2015,05/03/2009,1,7,10,24,28,35
2014,03/03/2009,14,15,16,23,25,35
2013,28/02/2009,8,14,24,28,34,35
2012,24/02/2009,3,4,6,25,27,32
2011,21/02/2009,12,13,17,22,30,33
2010,17/02/2009,9,11,15,22,24,27
2009,14/02/2009,1,8,10,16,26,30
2008,10/02/2009,6,9,12,19,25,29
2007,07/02/2009,1,4,5,6,19,30
2006,05/02/2009,4,5,6,8,25,29
2005,03/02/2009,9,13,15,17,19,32
2004,31/01/2009,6,10,11,21,23,31
2003,27/01/2009,3,6,7,10,23,25
2002,24/01/2009,1,9,10,12,19,34
2001,20/01/2009,1,5,16,19,26,33
2000,17/01/2009,7,9,24,25,30,34
1999,13/01/2009,2,3,11,12,20,30
1998,10/01/2009,3,4,6,17,27,31
1997,06/01/2009,5,24,26,27,29,30
1996,03/01/2009,11,15,17,18,29,30
1995,01/01/2009,2,4,13,19,29,31
1994,30/12/2008,10,15,24,29,32,33
1993,27/12/2008,6,8,10,18,31,32
1992,25/12/2008,12,20,24,26,30,33
1991,23/12/2008,1,2,15,17,19,25
1990,20/12/2008,9,11,12,17,19,23
1989,16/12/2008,4,11,20,22,30,32
1988,13/12/2008,4,5,10,19,28,30
1987,09/12/2008,5,11,12,18,26,34
1986,06/12/2008,3,17,24,27,30,31
1985,04/12/2008,4,7,18,21,28,30
1984,02/12/2008,5,14,15,23,25,34
1983,29/11/2008,3,8,13,17,22,29
1982,25/11/2008,2,7,12,16,29,34
1981,22/11/2008,9,15,18,22,23,24
1980,18/11/2008,4,8,15,22,28,31
1979,15/11/2008,4,8,25,26,29,31
1978,11/11/2008,7,10,13,19,29,33
1977,08/11/2008,5,19,22,27,29,34
1976,06/11/2008,5,10,14,15,24,31
1975,04/11/2008,2,5,11,21,24,31
1974,01/11/2008,3,9,10,15,17,26
1973,30/10/2008,2,6,14,26,27,30
1972,28/10/2008,6,10,23,28,29,30
1971,25/10/2008,1,7,8,19,24,26
1970,22/10/2008,7,10,11,13,23,33
1969,18/10/2008,4,8,17,18,22,32
1968,14/10/2008,4,7,13,14,15,20
1967,11/10/2008,9,10,20,24,26,27
1966,07/10/2008,4,5,14,18,24,31
1965,04/10/2008,2,9,13,16,20,23
1964,01/10/2008,3,4,5,7,10,16
1963,27/09/2008,3,5,9,16,18,26
1962,23/09/2008,3,12,14,22,27,33
1961,20/09/2008,10,14,17,26,30,33
1960,16/09/2008,4,19,24,25,30,34
1959,13/09/2008,2,3,5,11,13,24
1958,09/09/2008,13,15,18,22,23,31
1957,06/09/2008,4,9,12,24,29,33
1956,02/09/2008,1,5,9,23,24,30
1955,30/08/2008,13,18,25,26,31,32
1954,26/08/2008,4,6,15,23,27,33
1953,23/08/2008,1,2,8,10,19,22
1952,19/08/2008,10,14,18,19,21,23
1951,16/08/2008,12,18,19,23,28,29
1950,12/08/2008,2,9,18,26,28,33
1949,08/08/2008,3,8,13,20,31,33
1948,05/08/2008,1,12,17,21,28,32
1947,02/08/2008,1,19,20,22,28,34
1946,29/07/2008,2,11,13,17,32,34
1945,26/07/2008,5,15,21,22,27,29
1944,22/07/2008,3,10,13,18,21,31
1943,19/07/2008,12,15,17,18,26,31
1942,15/07/2008,11,12,13,21,23,24
1941,12/07/2008,5,8,12,16,21,25
1940,08/07/2008,3,16,20,23,27,28
1939,05/07/2008,3,19,25,26,32,34
1938,01/07/2008,4,11,13,17,24,28
1937,28/06/2008,4,7,11,14,22,25
1936,24/06/2008,1,9,15,16,19,34
1935,21/06/2008,2,9,13,19,23,32
1934,17/06/2008,3,7,8,22,24,30
1933,14/06/2008,2,4,19,27,33,34
1932,11/06/2008,4,12,14,21,24,30
1931,07/06/2008,1,2,17,18,32,34
1930,03/06/2008,3,4,6,13,21,30
1929,31/05/2008,2,8,20,25,31,32
1928,27/05/2008,2,3,4,12,18,28
1927,24/05/2008,1,2,16,17,20,31
1926,20/05/2008,1,12,16,20,22,23
1925,17/05/2008,5,9,13,24,27,31
1924,13/05/2008,6,12,13,16,28,32
1923,10/05/2008,6,11,18,25,29,30
1922,06/05/2008,3,10,18,27,28,30
1921,03/05/2008,11,18,22,24,26,29
1920,29/04/2008,4,13,19,23,27,28
1919,26/04/2008,1,2,3,6,7,17
1918,22/04/2008,5,7,9,17,25,30
1917,18/04/2008,1,5,8,14,21,23
1916,15/04/2008,6,11,23,25,28,29
1915,12/04/2008,3,12,19,26,29,33
1914,08/04/2008,2,10,11,13,14,17
1913,05/04/2008,6,9,12,18,19,31
1912,01/04/2008,5,7,12,16,18,34
1911,29/03/2008,5,7,9,20,26,31
1910,25/03/2008,13,28,29,31,32,34
1909,22/03/2008,2,4,21,26,27,33
1908,18/03/2008,8,11,14,26,28,29
1907,15/03/2008,5,13,17,22,25,34
1906,11/03/2008,1,7,8,16,17,24
1905,08/03/2008,6,19,20,21,25,32
1904,04/03/2008,9,11,12,20,30,33
1903,01/03/2008,5,7,15,23,27,32
1902,26/02/2008,7,14,15,24,27,34
1901,23/02/2008,3,4,22,23,24,26
1900,19/02/2008,3,7,13,15,21,26
1899,16/02/2008,3,8,14,16,17,21
1898,12/02/2008,9,17,18,20,33,34
1897,09/02/2008,2,12,20,24,29,31
1896,05/02/2008,6,10,16,17,20,32
1895,02/02/2008,2,7,8,14,21,33
1894,29/01/2008,2,3,23,25,31,32
1893,26/01/2008,6,14,17,26,30,32
1892,22/01/2008,2,3,7,15,17,28
1891,19/01/2008,7,12,17,21,25,29
1890,15/01/2008,2,3,7,11,20,28
1889,12/01/2008,10,12,16,28,29,31
1888,08/01/2008,8,10,17,22,26,31
1887,05/01/2008,4,7,11,15,18,31
1886,31/12/2007,1,3,6,18,22,28
1885,29/12/2007,5,15,17,23,27,30
1884,25/12/2007,2,3,9,10,14,18
1883,22/12/2007,2,5,14,20,22,30
1882,18/12/2007,3,11,13,16,17,33
1881,15/12/2007,3,4,15,17,18,33
1880,11/12/2007,14,17,18,22,25,34
1879,08/12/2007,5,13,25,28,32,34
1878,06/12/2007,10,14,17,23,24,34
1877,04/12/2007,3,14,16,23,24,31
1876,01/12/2007,3,4,8,11,17,19
1875,27/11/2007,1,2,7,27,29,31
1874,24/11/2007,7,11,15,19,22,27
1873,20/11/2007,7,11,15,20,31,33
1872,17/11/2007,3,4,9,14,15,30
1871,13/11/2007,3,7,11,14,23,28
1870,10/11/2007,5,8,10,15,26,30
1869,06/11/2007,1,19,22,25,27,32
1868,03/11/2007,10,12,13,19,21,28
1867,01/11/2007,3,5,15,23,28,32
1866,30/10/2007,10,14,23,27,30,31
1865,27/10/2007,2,5,10,11,17,22
1864,23/10/2007,11,12,15,17,19,31
1863,20/10/2007,4,7,9,10,24,33
1862,16/10/2007,6,8,14,18,19,29
1861,13/10/2007,10,14,17,21,29,30
1860,11/10/2007,2,7,8,12,26,29
1859,09/10/2007,5,10,12,22,32,33
1858,06/10/2007,4,10,12,15,21,29
1857,02/10/2007,1,2,3,5,33,34
1856,29/09/2007,1,2,11,18,28,34
1855,25/09/2007,1,6,7,10,26,29
1854,23/09/2007,8,16,17,22,23,24
1853,18/09/2007,4,16,19,28,30,32
1852,16/09/2007,3,4,9,16,23,27
1851,11/09/2007,3,12,15,26,33,34
1850,08/09/2007,3,10,18,21,25,27
1849,06/09/2007,2,6,22,31,32,33
1848,04/09/2007,3,14,20,31,33,34
1847,01/09/2007,1,3,8,11,20,31
1846,28/08/2007,20,28,29,30,32,34
1845,25/08/2007,7,13,15,22,30,32
1844,21/08/2007,5,13,21,25,31,33
1843,18/08/2007,6,7,12,21,28,30
1842,14/08/2007,3,9,10,16,30,32
1841,11/08/2007,3,7,9,15,18,29
1840,07/08/2007,4,6,8,10,17,34
1839,04/08/2007,5,6,9,16,19,22
1838,02/08/2007,5,9,10,11,29,31
1837,31/07/2007,1,3,7,20,21,22
1836,28/07/2007,9,12,23,24,28,33
1835,24/07/2007,7,13,22,24,27,28
1834,21/07/2007,6,7,10,12,22,30
1833,17/07/2007,5,7,12,15,20,25
1832,14/07/2007,2,7,10,21,25,33
1831,10/07/2007,6,7,9,15,28,33
1830,07/07/2007,7,9,14,15,24,34
1829,05/07/2007,2,4,16,18,26,34
1828,03/07/2007,2,12,21,24,25,27
1827,28/06/2007,5,6,7,24,26,29
1826,26/06/2007,8,14,22,28,31,33
1825,23/06/2007,3,7,19,21,27,31
1824,19/06/2007,5,6,9,17,27,32
1823,16/06/2007,9,12,18,21,23,28
1822,12/06/2007,5,6,9,21,24,28
1821,09/06/2007,13,17,20,21,25,34
1820,07/06/2007,3,4,11,23,24,34
1819,05/06/2007,6,9,13,16,24,32
1818,02/06/2007,1,7,9,16,17,29
1817,29/05/2007,1,3,21,23,27,32
1816,26/05/2007,5,8,13,14,16,29
1815,23/05/2007,2,3,8,22,24,34
1814,19/05/2007,3,8,9,24,26,27
1813,15/05/2007,3,6,7,15,18,20
1812,12/05/2007,2,4,9,24,33,34
1811,08/05/2007,6,10,11,25,31,32
1810,05/05/2007,4,15,21,26,27,28
1809,03/05/2007,10,11,19,25,26,27
1808,01/05/2007,1,3,5,14,19,22
1807,28/04/2007,3,14,16,22,28,29
1806,25/04/2007,8,9,21,28,30,32
1805,21/04/2007,1,3,14,19,26,31
1804,17/04/2007,5,6,17,20,24,28
1803,14/04/2007,1,9,10,17,26,34
1802,12/04/2007,5,18,20,24,26,29
1801,10/04/2007,2,3,5,6,12,32
1800,07/04/2007,14,17,20,24,25,31
1799,04/04/2007,6,8,12,24,25,31
1798,31/03/2007,1,7,22,26,31,32
1797,27/03/2007,7,12,22,24,26,30
1796,24/03/2007,4,9,10,12,21,32
1795,20/03/2007,2,18,19,20,26,31
1794,17/03/2007,1,12,20,31,33,34
1793,13/03/2007,2,4,10,15,21,30
1792,10/03/2007,3,12,20,25,28,32
1791,08/03/2007,6,10,16,24,27,30
1790,06/03/2007,7,8,21,28,29,31
1789,03/03/2007,3,4,12,14,33,34
1788,27/02/2007,2,5,6,20,28,30
1787,24/02/2007,1,8,11,12,25,30
1786,20/02/2007,17,24,27,30,31,34
1785,17/02/2007,9,15,19,27,28,32
1784,13/02/2007,10,11,16,20,23,33
1783,10/02/2007,15,26,29,30,33,34
1782,06/02/2007,9,11,19,20,27,28
1781,03/02/2007,8,16,21,23,26,28
1780,01/02/2007,3,4,12,21,30,34
1779,30/01/2007,6,14,18,24,25,27
1778,27/01/2007,6,10,15,20,27,33
1777,23/01/2007,10,17,21,26,28,29
1776,20/01/2007,1,20,21,27,29,32
1775,16/01/2007,3,23,27,32,33,34
1774,13/01/2007,3,4,8,15,22,32
1773,09/01/2007,3,14,22,24,32,33
1772,06/01/2007,4,6,10,18,24,34
1771,04/01/2007,1,4,8,14,27,33
1770,02/01/2007,3,20,21,22,26,31
1769,30/12/2006,7,17,18,20,21,26
1768,28/12/2006,1,17,21,25,26,34
1767,26/12/2006,15,17,19,26,28,32
1766,23/12/2006,7,9,14,18,22,23
1765,19/12/2006,2,6,13,22,29,34
1764,16/12/2006,7,11,13,16,22,28
1763,12/12/2006,11,13,15,19,31,33
1762,05/12/2006,4,5,8,13,20,26
1761,02/12/2006,2,5,21,27,29,33
1760,30/11/2006,3,8,10,16,19,33
1759,28/11/2006,1,2,13,22,25,33
1758,25/11/2006,9,12,24,28,30,32
1757,21/11/2006,1,3,19,27,30,32
1756,18/11/2006,8,14,22,25,27,30
1755,14/11/2006,2,9,11,15,19,30
1754,11/11/2006,5,8,10,24,33,34
1753,09/11/2006,3,10,18,25,26,34
1752,07/11/2006,1,8,17,19,21,31
1751,04/11/2006,4,11,13,20,21,27
1750,31/10/2006,1,3,6,26,30,31
1749,28/10/2006,3,4,13,26,27,33
1748,24/10/2006,3,15,18,23,26,31
1747,21/10/2006,1,11,12,21,23,31
1746,19/10/2006,1,7,16,21,26,33
1745,17/10/2006,2,6,7,11,12,22
1744,14/10/2006,7,8,12,17,23,33
1743,10/10/2006,1,10,14,17,27,32
1742,07/10/2006,5,7,8,14,30,34
1741,03/10/2006,4,10,18,28,31,32
1740,30/09/2006,2,6,9,16,27,31
1739,26/09/2006,1,14,15,26,29,32
1738,24/09/2006,2,7,28,29,31,32
1737,19/09/2006,5,18,20,26,28,34
1736,16/09/2006,3,17,20,21,22,28
1735,12/09/2006,10,15,22,26,29,34
1734,09/09/2006,14,16,19,22,25,32
1733,07/09/2006,1,2,4,12,14,23
1732,05/09/2006,2,4,16,23,24,29
1731,02/09/2006,3,5,9,13,14,21
1730,29/08/2006,1,7,21,23,29,31
1729,26/08/2006,3,18,23,28,29,31
1728,22/08/2006,6,10,20,22,29,34
1727,19/08/2006,1,2,17,22,27,28
1726,15/08/2006,8,9,18,24,31,33
1725,12/08/2006,11,19,21,24,25,30
1724,10/08/2006,2,5,11,15,22,26
1723,08/08/2006,1,6,9,17,27,31
1722,05/08/2006,6,8,15,28,29,34
1721,01/08/2006,1,2,7,13,14,32
1720,29/07/2006,4,7,9,13,16,18
1719,25/07/2006,13,15,19,22,28,32
1718,22/07/2006,3,5,16,17,24,31
1717,18/07/2006,4,12,14,17,19,20
1716,15/07/2006,5,11,12,16,30,33
1715,11/07/2006,6,11,13,21,26,27
1714,08/07/2006,3,10,11,22,23,24
1713,06/07/2006,3,8,9,14,17,22
1712,04/07/2006,4,10,11,21,23,34
1711,01/07/2006,6,9,14,21,23,27
1710,27/06/2006,2,8,11,21,32,33
1709,24/06/2006,1,7,14,15,17,24
1708,20/06/2006,3,10,16,20,24,29
1707,17/06/2006,2,8,10,11,17,31
1706,13/06/2006,2,3,5,11,19,26
1705,10/06/2006,2,9,13,21,23,29
1704,08/06/2006,1,12,23,25,31,33
1703,06/06/2006,4,8,13,17,22,30
1702,03/06/2006,7,24,25,28,29,30
1701,30/05/2006,5,6,8,19,21,30
1700,27/05/2006,11,15,16,18,21,23
1699,23/05/2006,1,12,15,20,26,27
1698,20/05/2006,8,15,25,26,28,34
1697,16/05/2006,4,6,21,27,29,30
1696,13/05/2006,1,8,14,17,18,26
1695,11/05/2006,3,22,23,25,27,32
1694,09/05/2006,17,21,24,26,29,30
1693,06/05/2006,2,22,23,24,33,34
1692,03/05/2006,1,9,23,25,32,34
1691,29/04/2006,2,7,16,19,23,32
1690,25/04/2006,12,19,21,26,32,33
1689,22/04/2006,5,14,20,21,23,28
1688,19/04/2006,1,3,5,15,20,26
1687,15/04/2006,1,2,5,10,11,24
1686,11/04/2006,19,21,25,28,31,34
1685,08/04/2006,6,8,9,17,27,29
1684,06/04/2006,8,12,16,18,25,28
1683,04/04/2006,1,11,14,16,26,27
1682,01/04/2006,1,6,12,16,22,33
1681,28/03/2006,1,5,8,24,25,28
1680,25/03/2006,2,6,12,23,28,32
1679,21/03/2006,3,12,13,20,28,32
1678,18/03/2006,3,14,18,24,27,30
1677,14/03/2006,9,15,16,18,25,27
1676,11/03/2006,4,5,6,16,19,22
1675,07/03/2006,1,3,7,24,29,30
1674,04/03/2006,12,13,26,28,29,30
1673,02/03/2006,6,10,16,22,27,29
1672,28/02/2006,1,3,11,16,18,30
1671,25/02/2006,4,5,21,22,32,34
1670,21/02/2006,1,4,11,23,26,29
1669,18/02/2006,1,2,8,12,31,33
1668,14/02/2006,8,16,23,26,28,29
1667,11/02/2006,8,11,14,17,25,29
1666,07/02/2006,8,10,22,29,33,34
1665,04/02/2006,2,3,5,20,31,32
1664,02/02/2006,1,3,9,20,28,34
1663,31/01/2006,14,18,19,26,27,34
1662,28/01/2006,2,3,9,12,18,24
1661,24/01/2006,2,4,13,17,19,26
1660,21/01/2006,12,21,23,24,30,31
1659,17/01/2006,16,18,20,21,28,32
1658,14/01/2006,1,6,9,11,16,27
1657,10/01/2006,2,7,15,21,30,34
1656,07/01/2006,3,5,9,20,21,28
1655,03/01/2006,3,7,9,18,20,30
1654,31/12/2005,6,10,17,19,21,22
1653,29/12/2005,1,8,17,21,33,34
1652,27/12/2005,4,8,11,25,28,29
1651,24/12/2005,2,5,10,11,16,17
1650,20/12/2005,4,8,16,20,24,33
1649,17/12/2005,2,15,19,24,32,33
1648,13/12/2005,1,8,10,28,30,32
1647,10/12/2005,1,10,15,18,22,34
1646,06/12/2005,3,10,14,22,29,34
1645,03/12/2005,1,2,8,20,26,33
1644,01/12/2005,7,15,21,26,32,33
1643,29/11/2005,6,11,15,25,29,31
1642,26/11/2005,1,4,6,10,32,34
1641,22/11/2005,5,13,16,18,19,28
1640,19/11/2005,1,4,15,22,24,33
1639,15/11/2005,5,14,15,23,25,34
1638,12/11/2005,2,8,16,23,24,34
1637,08/11/2005,6,20,23,26,29,32
1636,05/11/2005,4,7,14,20,23,27
1635,01/11/2005,1,11,14,18,20,29
1634,29/10/2005,6,8,10,13,27,31
1633,25/10/2005,2,3,22,27,29,32
1632,22/10/2005,6,8,17,23,25,28
1631,18/10/2005,2,7,11,15,21,24
1630,15/10/2005,6,10,13,16,26,31
1629,11/10/2005,5,9,18,20,31,34
1628,08/10/2005,2,12,18,20,24,34
1627,05/10/2005,7,8,11,13,14,23
1626,01/10/2005,6,11,13,22,30,31
1625,29/09/2005,5,10,15,21,24,32
1624,27/09/2005,1,3,5,14,17,19
1623,20/09/2005,6,10,12,17,20,26
1622,17/09/2005,3,10,11,21,23,33
1621,13/09/2005,8,13,15,19,21,24
1620,10/09/2005,2,12,20,26,33,34
1619,06/09/2005,1,15,18,19,33,34
1618,03/09/2005,12,14,15,24,27,28
1617,30/08/2005,5,8,14,15,17,24
1616,27/08/2005,6,13,16,19,22,27
1615,23/08/2005,6,16,19,25,29,30
1614,20/08/2005,13,16,25,29,30,34
1613,16/08/2005,6,14,21,32,33,34
1612,12/08/2005,6,7,14,23,25,26
1611,09/08/2005,1,9,15,18,27,31
1610,06/08/2005,2,4,8,14,17,18
1609,02/08/2005,3,17,20,23,26,32
1608,30/07/2005,5,9,11,24,29,34
1607,26/07/2005,4,5,8,13,18,20
1606,23/07/2005,6,10,11,16,30,32
1605,19/07/2005,6,11,18,24,29,33
1604,16/07/2005,7,11,16,17,23,31
1603,12/07/2005,7,8,17,21,24,31
1602,09/07/2005,6,11,14,16,28,31
1601,05/07/2005,6,15,17,27,30,32
1600,02/07/2005,3,4,18,20,22,32
1599,28/06/2005,7,8,10,14,20,21
1598,25/06/2005,6,13,21,22,28,33
1597,21/06/2005,8,10,11,14,31,32
1596,18/06/2005,15,18,19,25,31,34
1595,14/06/2005,2,12,20,26,29,31
1594,11/06/2005,9,17,27,28,29,32
1593,07/06/2005,2,5,8,18,24,25
1592,04/06/2005,8,16,18,21,22,25
1591,31/05/2005,7,8,9,23,30,34
1590,28/05/2005,8,9,13,16,23,31
1589,24/05/2005,3,8,10,20,30,31
1588,21/05/2005,3,9,14,19,25,29
1587,17/05/2005,6,10,23,24,30,34
1586,14/05/2005,4,6,17,18,20,27
1585,10/05/2005,3,18,20,28,29,32
1584,07/05/2005,6,20,25,26,27,33
1583,03/05/2005,1,3,10,22,30,32
1582,30/04/2005,2,7,20,25,27,32
1581,26/04/2005,5,10,16,19,21,27
1580,22/04/2005,3,15,16,18,22,33
1579,19/04/2005,1,5,8,10,29,31
1578,16/04/2005,1,7,12,17,19,20
1577,12/04/2005,8,14,16,21,28,30
1576,09/04/2005,5,11,12,15,25,32
1575,05/04/2005,3,4,9,23,29,30
1574,02/04/2005,1,2,18,26,29,32
1573,29/03/2005,1,9,22,24,25,26
1572,26/03/2005,1,11,12,15,23,32
1571,22/03/2005,1,8,12,13,21,30
1570,19/03/2005,1,8,13,18,20,24
1569,15/03/2005,10,12,19,21,26,30
1568,12/03/2005,9,15,16,22,24,29
1567,08/03/2005,1,3,16,20,21,26
1566,05/03/2005,2,6,7,17,24,28
1565,01/03/2005,5,9,10,29,30,34
1564,26/02/2005,16,22,26,31,33,34
1563,22/02/2005,5,9,12,17,25,30
1562,19/02/2005,8,20,24,25,31,34
1561,15/02/2005,5,8,9,21,23,33
1560,12/02/2005,4,7,23,25,27,31
1559,08/02/2005,7,9,16,18,21,26
1558,05/02/2005,3,4,13,17,21,30
1557,01/02/2005,1,11,13,18,25,30
1556,29/01/2005,15,18,29,31,33,34
1555,25/01/2005,8,13,21,24,29,31
1554,22/01/2005,2,6,12,14,16,33
1553,18/01/2005,11,16,19,24,25,29
1552,15/01/2005,2,14,15,17,22,30
1551,11/01/2005,8,13,17,20,27,34
1550,08/01/2005,9,20,21,26,30,31
1549,04/01/2005,3,11,23,26,31,33
1548,31/12/2004,2,3,14,25,28,29
1547,28/12/2004,11,12,16,22,23,29
1546,25/12/2004,9,15,23,27,31,34
1545,21/12/2004,1,2,9,17,25,26
1544,18/12/2004,2,4,9,20,25,28
1543,14/12/2004,1,3,18,21,23,32
1542,11/12/2004,2,9,11,15,16,19
1541,07/12/2004,6,10,19,21,25,26
1540,04/12/2004,10,11,12,14,18,21
1539,30/11/2004,3,8,9,14,20,24
1538,27/11/2004,8,9,19,21,26,31
1537,23/11/2004,3,12,13,18,28,29
1536,20/11/2004,1,5,15,26,32,34
1535,16/11/2004,3,13,14,17,23,24
1534,13/11/2004,3,4,12,13,17,19
1533,09/11/2004,3,4,13,22,24,28
1532,06/11/2004,2,10,12,13,20,27
1531,02/11/2004,2,4,6,10,11,17
1530,30/10/2004,7,10,14,18,22,32
1529,26/10/2004,7,8,11,12,13,22
1528,23/10/2004,3,6,7,18,24,25
1527,19/10/2004,2,4,17,18,21,34
1526,16/10/2004,6,9,19,21,30,33
1525,12/10/2004,8,15,20,24,29,33
1524,09/10/2004,1,5,8,10,18,23
1523,05/10/2004,8,9,17,19,26,27
1522,02/10/2004,1,2,4,10,11,13
1521,28/09/2004,2,3,12,17,24,33
1520,25/09/2004,3,4,6,7,14,20
1519,21/09/2004,9,17,20,28,30,34
1518,19/09/2004,2,8,9,15,27,33
1517,14/09/2004,2,7,19,21,24,28
1516,11/09/2004,2,8,16,22,23,34
1515,07/09/2004,1,5,9,15,21,32
1514,04/09/2004,10,13,19,31,32,33
1513,31/08/2004,5,11,15,16,19,27
1512,28/08/2004,5,6,11,15,29,33
1511,24/08/2004,7,16,20,23,27,33
1510,21/08/2004,1,9,10,27,32,34
1509,17/08/2004,7,10,19,30,33,34
1508,14/08/2004,2,9,11,19,22,23
1507,10/08/2004,2,3,14,28,30,34
1506,07/08/2004,19,24,27,29,32,33
1505,03/08/2004,9,13,16,24,33,34
1504,31/07/2004,1,4,9,22,24,26
1503,27/07/2004,2,4,8,11,23,24
1502,24/07/2004,9,12,18,22,31,33
1501,20/07/2004,2,4,9,10,24,26
1500,17/07/2004,1,4,12,17,18,30
1499,13/07/2004,1,11,13,15,20,21
1498,10/07/2004,7,19,27,29,30,33
1497,06/07/2004,6,13,15,18,22,27
1496,03/07/2004,1,6,11,15,19,26
1495,29/06/2004,7,8,9,10,23,27
1494,26/06/2004,10,17,25,26,27,30
1493,22/06/2004,14,22,25,28,30,34
1492,19/06/2004,6,8,15,25,26,28
1491,15/06/2004,5,14,15,16,17,20
1490,12/06/2004,5,9,12,24,27,30
1489,08/06/2004,2,6,8,16,17,19
1488,05/06/2004,10,12,16,22,28,32
1487,01/06/2004,2,5,11,23,24,25
1486,29/05/2004,5,7,21,22,28,33
1485,26/05/2004,16,19,20,22,28,31
1484,22/05/2004,6,14,18,19,27,33
1483,18/05/2004,5,7,9,11,24,34
1482,15/05/2004,3,14,18,24,31,34
1481,11/05/2004,8,14,21,23,27,29
1480,08/05/2004,8,14,19,27,28,34
1479,04/05/2004,6,9,14,20,28,32
1478,01/05/2004,2,4,11,20,24,25
1477,28/04/2004,9,11,17,19,22,27
1476,24/04/2004,2,5,19,24,30,34
1475,20/04/2004,10,11,13,14,17,21
1474,17/04/2004,2,19,27,29,31,32
1473,13/04/2004,10,11,13,15,30,32
1472,10/04/2004,2,21,22,24,25,26
1471,07/04/2004,11,15,18,20,22,28
1470,03/04/2004,1,7,9,16,26,33
1469,30/03/2004,4,7,20,21,26,32
1468,27/03/2004,4,6,8,19,29,31
1467,23/03/2004,2,9,13,15,16,18
1466,20/03/2004,3,6,8,13,14,32
1465,16/03/2004,6,7,10,12,29,32
1464,12/03/2004,3,4,7,14,27,29
1463,09/03/2004,12,20,24,30,35,40
1462,05/03/2004,7,20,21,30,39,44
1461,02/03/2004,20,21,33,37,39,40
1460,27/02/2004,3,9,10,40,41,42
1459,24/02/2004,4,17,19,31,36,43
1458,20/02/2004,5,6,9,27,33,40
1457,17/02/2004,7,14,20,34,38,40
1456,13/02/2004,8,18,20,36,37,40
1455,10/02/2004,1,8,18,31,33,37
1454,06/02/2004,9,16,18,38,40,41
1453,03/02/2004,6,7,32,35,43,45
1452,30/01/2004,4,14,19,20,26,40
1451,27/01/2004,10,12,28,36,39,40
1450,23/01/2004,3,4,9,15,23,24
1449,20/01/2004,1,20,22,24,37,44
1448,16/01/2004,18,20,35,37,40,45
1447,13/01/2004,9,16,21,26,28,38
1446,09/01/2004,4,12,13,34,38,44
1445,06/01/2004,12,14,26,32,39,41
1444,03/01/2004,8,20,22,25,31,35
1443,30/12/2003,17,35,38,39,42,44
1442,27/12/2003,10,11,21,22,36,44
1441,25/12/2003,11,20,24,30,42,43
1440,23/12/2003,1,16,17,18,20,30
1439,20/12/2003,11,12,20,26,29,44
1438,16/12/2003,1,10,25,28,32,38
1437,09/12/2003,4,9,15,20,32,39
1436,06/12/2003,9,12,13,18,21,42
1435,02/12/2003,8,12,13,38,39,43
1434,29/11/2003,2,20,21,27,30,39
1433,25/11/2003,9,25,30,31,37,45
1432,22/11/2003,3,17,20,28,33,35
1431,18/11/2003,6,7,15,23,35,38
1430,15/11/2003,4,7,21,28,33,40
1429,11/11/2003,1,13,15,23,27,41
1428,08/11/2003,19,20,23,28,29,43
1427,04/11/2003,3,16,23,24,26,27
1426,01/11/2003,6,12,14,21,26,38
1425,28/10/2003,6,7,17,21,26,38
1424,25/10/2003,4,7,21,23,26,36
1423,21/10/2003,1,5,17,28,40,43
1422,18/10/2003,9,16,18,20,22,39
1421,14/10/2003,15,24,25,26,33,37
1420,11/10/2003,1,11,16,28,29,31
1419,07/10/2003,2,11,33,34,43,45
1418,04/10/2003,3,8,11,21,26,38
1417,30/09/2003,16,19,24,30,32,39
1416,28/09/2003,10,17,24,32,38,41
1415,23/09/2003,7,8,9,20,28,40
1414,20/09/2003,2,13,18,19,27,43
1413,16/09/2003,1,7,10,18,25,35
1412,13/09/2003,1,9,25,29,34,38
1411,09/09/2003,4,5,6,12,31,45
1410,06/09/2003,5,12,21,36,37,38
1409,02/09/2003,5,8,11,26,32,36
1408,30/08/2003,9,10,17,28,30,41
1407,26/08/2003,2,6,8,9,10,17
1406,23/08/2003,3,7,11,16,19,26
1405,19/08/2003,12,15,26,38,43,44
1404,16/08/2003,3,18,24,27,28,37
1403,12/08/2003,1,2,3,18,29,33
1402,09/08/2003,8,9,16,23,27,32
1401,05/08/2003,1,10,14,15,30,35
1400,02/08/2003,2,3,16,20,37,45
1399,29/07/2003,2,8,38,40,43,44
1398,26/07/2003,6,15,18,34,42,45
1397,22/07/2003,1,3,12,19,22,26
1396,19/07/2003,3,8,11,18,29,40
1395,15/07/2003,4,14,33,35,40,42
1394,12/07/2003,12,13,21,22,28,32
1393,08/07/2003,1,5,7,11,24,41
1392,05/07/2003,10,11,18,26,35,36
1391,01/07/2003,14,22,27,37,42,45
1390,28/06/2003,7,12,15,35,40,41
1389,24/06/2003,10,13,29,32,35,44
1388,21/06/2003,7,11,20,28,35,36
1387,17/06/2003,18,26,31,35,41,42
1386,14/06/2003,1,5,26,31,36,43
1385,10/06/2003,6,9,15,29,34,40
1384,07/06/2003,5,18,21,28,39,40
1383,03/06/2003,2,11,16,23,29,36
1382,31/05/2003,6,12,13,28,35,45
1381,27/05/2003,19,20,27,38,39,41
1380,24/05/2003,1,4,14,20,33,43
1379,20/05/2003,10,12,21,26,32,41
1378,17/05/2003,14,21,25,32,34,37
1377,13/05/2003,8,19,25,30,33,42
1376,10/05/2003,2,11,14,20,28,44
1375,07/05/2003,1,2,3,11,16,20
1374,03/05/2003,7,10,17,18,35,40
1373,29/04/2003,1,4,11,39,40,41
1372,26/04/2003,2,5,9,15,23,42
1371,23/04/2003,5,12,13,29,31,37
1370,19/04/2003,18,21,26,33,40,42
1369,15/04/2003,14,16,23,34,37,40
1368,12/04/2003,13,16,20,23,30,42
1367,08/04/2003,8,19,26,39,41,44
1366,05/04/2003,5,7,13,19,31,35
1365,01/04/2003,15,20,23,25,27,28
1364,29/03/2003,4,5,8,28,40,43
1363,25/03/2003,1,2,9,12,26,45
1362,22/03/2003,5,6,7,15,22,30
1361,18/03/2003,1,11,19,28,35,43
1360,15/03/2003,15,18,25,27,29,40
1359,11/03/2003,15,18,24,34,35,45
1358,08/03/2003,4,5,19,24,27,40
1357,04/03/2003,2,5,18,30,40,43
1356,01/03/2003,2,5,10,26,32,39
1355,25/02/2003,15,16,17,36,38,41
1354,22/02/2003,8,15,21,27,36,37
1353,18/02/2003,3,17,19,30,37,41
1352,15/02/2003,4,7,18,21,30,44
1351,11/02/2003,25,30,32,34,37,40
1350,08/02/2003,7,9,23,36,38,41
1349,04/02/2003,14,20,25,27,35,36
1348,01/02/2003,6,24,25,27,28,45
1347,28/01/2003,11,17,24,29,32,36
1346,25/01/2003,6,9,18,23,30,42
1345,21/01/2003,14,15,23,24,35,36
1344,18/01/2003,7,9,15,23,41,43
1343,14/01/2003,1,2,18,23,24,36
1342,11/01/2003,11,16,17,20,35,45
1341,07/01/2003,5,6,12,29,38,45
1340,04/01/2003,8,17,18,22,31,45
1339,31/12/2002,2,5,8,24,34,40
1338,28/12/2002,1,2,5,21,32,41
1337,24/12/2002,3,13,17,39,43,45
1336,21/12/2002,15,23,26,29,37,44
1335,17/12/2002,2,7,23,24,31,37
1334,14/12/2002,5,9,10,16,24,26
1333,10/12/2002,4,10,26,31,32,45
1332,07/12/2002,11,16,19,24,31,44
1331,03/12/2002,7,8,12,17,31,36
1330,30/11/2002,8,14,22,28,30,39
1329,26/11/2002,7,14,15,17,27,43
1328,23/11/2002,8,17,20,25,28,45
1327,19/11/2002,6,14,24,28,30,35
1326,16/11/2002,14,18,28,30,38,39
1325,12/11/2002,11,19,34,35,37,40
1324,09/11/2002,8,10,25,28,31,36
1323,05/11/2002,3,18,20,25,31,35
1322,02/11/2002,3,13,18,20,21,33
1321,29/10/2002,7,13,17,22,43,45
1320,26/10/2002,2,5,10,11,17,35
1319,22/10/2002,1,13,17,20,37,43
1318,19/10/2002,2,7,11,17,25,28
1317,15/10/2002,6,11,17,19,24,36
1316,12/10/2002,10,13,22,24,35,37
1315,08/10/2002,1,18,34,35,41,42
1314,05/10/2002,5,10,22,32,34,37
1313,01/10/2002,5,9,14,24,30,43
1312,28/09/2002,8,11,16,21,34,36
1311,24/09/2002,20,21,24,28,30,35
1310,21/09/2002,4,6,8,19,36,42
1309,17/09/2002,12,14,20,22,31,40
1308,14/09/2002,1,2,7,26,27,32
1307,10/09/2002,6,8,17,22,31,39
1306,08/09/2002,12,21,23,26,44,45
1305,03/09/2002,8,17,19,29,36,37
1304,31/08/2002,2,9,10,12,18,24
1303,27/08/2002,12,25,26,28,30,44
1302,24/08/2002,11,14,18,23,30,39
1301,20/08/2002,6,8,26,27,32,33
1300,17/08/2002,6,7,9,19,25,30
1299,13/08/2002,4,10,18,31,35,40
1298,10/08/2002,4,8,15,23,31,32
1297,06/08/2002,2,5,9,12,21,27
1296,03/08/2002,6,17,29,32,33,38
1295,30/07/2002,7,9,10,21,22,39
1294,27/07/2002,4,9,12,16,20,24
1293,23/07/2002,7,11,16,25,31,38
1292,20/07/2002,1,17,25,35,38,45
1291,16/07/2002,8,14,17,24,35,41
1290,13/07/2002,6,11,14,16,19,33
1289,09/07/2002,12,14,24,25,34,40
1288,06/07/2002,3,7,10,24,35,43
1287,02/07/2002,5,13,19,21,25,32
1286,29/06/2002,1,11,16,35,38,44
1285,25/06/2002,10,21,28,30,31,35
1284,22/06/2002,12,20,31,38,39,43
1283,18/06/2002,13,17,23,36,37,42
1282,15/06/2002,21,23,31,33,37,43
1281,11/06/2002,6,11,13,23,28,44
1280,08/06/2002,20,22,24,30,32,43
1279,04/06/2002,7,12,17,21,33,40
1278,01/06/2002,2,21,32,38,44,45
1277,28/05/2002,4,6,19,26,29,38
1276,25/05/2002,16,20,21,27,33,38
1275,21/05/2002,6,11,12,22,23,27
1274,18/05/2002,4,5,27,37,42,43
1273,14/05/2002,2,9,12,19,22,32
1272,11/05/2002,9,13,17,22,35,44
1271,07/05/2002,5,26,30,33,34,37
1270,04/05/2002,7,15,17,18,22,28
1269,30/04/2002,5,8,11,20,22,27
1268,27/04/2002,5,11,17,39,40,43
1267,23/04/2002,9,14,26,31,41,43
1266,20/04/2002,1,3,7,14,15,44
1265,17/04/2002,5,6,11,26,34,35
1264,13/04/2002,1,8,17,24,27,42
1263,09/04/2002,1,7,26,35,40,44
1262,06/04/2002,10,37,38,40,43,45
1261,03/04/2002,5,10,21,25,27,34
1260,30/03/2002,4,12,19,27,40,43
1259,26/03/2002,7,8,10,11,18,36
1258,23/03/2002,2,5,10,15,26,42
1257,19/03/2002,4,12,13,18,38,45
1256,16/03/2002,8,18,22,31,39,45
1255,12/03/2002,3,5,27,35,43,44
1254,09/03/2002,1,10,14,16,26,37
1253,05/03/2002,13,18,22,27,29,33
1252,02/03/2002,8,11,23,36,43,44
1251,26/02/2002,1,5,11,20,33,43
1250,23/02/2002,2,6,14,25,30,31
1249,19/02/2002,1,14,16,20,28,45
1248,16/02/2002,2,8,14,22,40,41
1247,12/02/2002,4,11,13,20,43,45
1246,09/02/2002,6,7,18,20,25,27
1245,05/02/2002,5,8,18,21,29,37
1244,02/02/2002,2,8,9,20,28,33
1243,29/01/2002,8,19,28,35,42,43
1242,26/01/2002,9,16,21,23,26,44
1241,22/01/2002,1,5,16,39,42,45
1240,19/01/2002,6,10,13,19,21,39
1239,15/01/2002,3,4,9,20,31,45
1238,12/01/2002,5,22,24,34,40,42
1237,08/01/2002,2,4,13,16,17,19
1236,05/01/2002,1,9,15,18,27,34
1235,01/01/2002,8,10,21,26,41,43
1234,29/12/2001,2,17,26,30,33,41
1233,25/12/2001,1,14,33,35,37,44
1232,22/12/2001,1,6,9,18,27,28
1231,18/12/2001,1,15,25,33,35,38
1230,15/12/2001,11,15,23,29,31,37
1229,11/12/2001,8,15,19,20,27,33
1228,08/12/2001,2,10,17,19,34,39
1227,04/12/2001,1,3,7,13,16,24
1226,01/12/2001,8,19,20,23,36,37
1225,27/11/2001,1,3,7,18,40,43
1224,24/11/2001,1,13,22,32,42,43
1223,20/11/2001,6,9,12,15,23,42
1222,17/11/2001,4,7,16,17,38,40
1221,13/11/2001,2,4,15,19,29,42
1220,10/11/2001,3,8,12,22,31,42
1219,06/11/2001,2,11,29,34,36,40
1218,03/11/2001,7,9,15,16,28,34
1217,30/10/2001,3,16,24,27,31,33
1216,27/10/2001,14,16,21,22,29,38
1215,23/10/2001,9,12,30,31,37,44
1214,20/10/2001,1,4,5,12,34,42
1213,16/10/2001,2,21,23,25,30,40
1212,13/10/2001,12,33,36,39,40,42
1211,09/10/2001,19,26,35,37,41,42
1210,06/10/2001,8,15,16,19,37,45
1209,02/10/2001,5,12,26,28,34,39
1208,29/09/2001,1,9,12,18,19,20
1207,25/09/2001,8,14,25,36,37,44
1206,22/09/2001,2,22,23,29,35,44
1205,19/09/2001,1,4,16,28,33,38
1204,15/09/2001,2,7,13,22,34,38
1203,11/09/2001,1,11,15,29,38,43
1202,08/09/2001,3,9,14,15,17,42
1201,04/09/2001,4,5,7,13,15,31
1200,01/09/2001,7,10,12,19,21,28
1199,28/08/2001,2,17,24,30,31,45
1198,25/08/2001,21,25,26,31,37,44
1197,21/08/2001,7,23,29,33,36,45
1196,18/08/2001,7,21,30,33,34,45
1195,14/08/2001,6,10,13,17,18,32
1194,11/08/2001,9,11,25,37,41,43
1193,07/08/2001,4,5,8,27,36,40
1192,04/08/2001,1,3,29,34,40,42
1191,31/07/2001,6,14,15,17,20,37
1190,27/07/2001,4,6,20,30,33,41
1189,24/07/2001,4,9,11,21,33,44
1188,21/07/2001,2,9,12,19,20,25
1187,17/07/2001,2,7,17,23,25,42
1186,14/07/2001,2,7,8,19,26,41
1185,10/07/2001,2,4,5,13,26,32
1184,07/07/2001,18,21,26,30,42,44
1183,03/07/2001,8,16,17,26,27,43
1182,30/06/2001,1,5,7,11,37,45
1181,26/06/2001,20,24,30,31,37,41
1180,23/06/2001,2,21,22,33,39,44
1179,19/06/2001,10,19,22,24,38,42
1178,16/06/2001,5,8,9,22,24,41
1177,12/06/2001,4,14,24,31,38,39
1176,09/06/2001,8,9,13,27,31,41
1175,05/06/2001,2,11,12,16,40,44
1174,02/06/2001,3,19,26,27,29,40
1173,29/05/2001,4,10,13,29,32,43
1172,26/05/2001,3,6,11,19,33,43
1171,22/05/2001,6,9,12,23,33,45
1170,19/05/2001,12,21,27,30,37,44
1169,15/05/2001,12,19,23,29,31,39
1168,12/05/2001,4,7,13,18,32,40
1167,08/05/2001,22,31,34,35,41,44
1166,05/05/2001,2,4,6,14,21,43
1165,01/05/2001,9,11,16,18,31,36
1164,28/04/2001,6,7,12,17,20,37
1163,24/04/2001,13,19,25,32,40,42
1162,21/04/2001,4,7,13,15,35,45
1161,17/04/2001,21,24,27,36,44,45
1160,14/04/2001,6,13,15,32,44,45
1159,10/04/2001,17,18,26,33,37,42
1158,06/04/2001,12,19,22,29,30,41
1157,03/04/2001,6,22,27,37,42,43
1156,31/03/2001,4,21,25,30,31,34
1155,27/03/2001,4,8,12,22,24,45
1154,24/03/2001,3,6,22,24,28,38
1153,20/03/2001,7,16,25,26,29,42
1152,17/03/2001,4,8,10,16,39,40
1151,13/03/2001,3,4,15,21,23,40
1150,10/03/2001,2,10,18,25,33,36
1149,06/03/2001,4,10,25,28,31,41
1148,03/03/2001,1,13,18,19,39,43
1147,27/02/2001,3,11,18,28,32,36
1146,24/02/2001,5,7,30,35,40,44
1145,20/02/2001,20,35,36,40,43,45
1144,17/02/2001,1,10,11,39,43,44
1143,13/02/2001,3,9,11,17,22,24
1142,10/02/2001,11,16,18,26,30,39
1141,06/02/2001,22,23,27,30,36,44
1140,03/02/2001,4,7,11,24,26,38
1139,30/01/2001,5,10,20,23,24,45
1138,27/01/2001,12,23,25,29,37,40
1137,23/01/2001,2,12,16,22,27,32
1136,20/01/2001,2,4,22,23,32,34
1135,16/01/2001,8,17,28,32,35,39
1134,13/01/2001,14,20,26,31,42,45
1133,09/01/2001,2,5,13,29,30,32
1132,06/01/2001,3,26,29,40,42,45
1131,02/01/2001,21,22,23,28,29,43
1130,30/12/2000,2,8,18,31,33,38
1129,26/12/2000,2,9,10,11,28,36
1128,23/12/2000,1,14,21,22,27,44
1127,19/12/2000,4,9,13,26,34,42
1126,16/12/2000,2,9,14,35,38,41
1125,12/12/2000,4,11,12,23,24,44
1124,09/12/2000,4,12,15,20,24,40
1123,05/12/2000,25,32,38,40,41,45
1122,02/12/2000,5,16,32,35,40,43
1121,28/11/2000,10,13,17,28,34,41
1120,25/11/2000,15,20,22,36,37,44
1119,21/11/2000,2,8,16,25,39,41
1118,18/11/2000,7,9,16,26,32,43
1117,14/11/2000,2,17,26,29,33,34
1116,11/11/2000,5,10,16,27,31,44
1115,07/11/2000,4,8,16,27,35,45
1114,04/11/2000,1,4,15,22,31,39
1113,31/10/2000,2,7,8,13,15,29
1112,28/10/2000,1,3,4,25,29,40
1111,24/10/2000,3,4,7,24,30,40
1110,21/10/2000,9,15,19,22,37,44
1109,17/10/2000,3,8,10,14,21,30
1108,14/10/2000,16,21,25,27,35,36
1107,10/10/2000,12,22,24,33,36,43
1106,07/10/2000,7,9,11,12,28,37
1105,03/10/2000,9,22,26,29,30,41
1104,01/10/2000,2,20,24,35,36,43
1103,26/09/2000,6,8,17,18,39,42
1102,23/09/2000,8,9,24,29,30,32
1101,19/09/2000,2,4,12,36,37,41
1100,16/09/2000,3,5,8,18,29,37
1099,12/09/2000,8,13,19,28,41,43
1098,09/09/2000,1,6,14,22,31,35
1097,05/09/2000,12,15,16,18,33,40
1096,02/09/2000,1,5,6,8,15,16
1095,29/08/2000,2,3,22,23,36,45
1094,26/08/2000,3,14,18,25,31,35
1093,22/08/2000,16,21,22,23,25,28
1092,19/08/2000,2,3,10,25,32,36
1091,15/08/2000,4,12,16,29,32,43
1090,12/08/2000,2,17,18,21,27,41
1089,08/08/2000,12,20,23,33,35,43
1088,05/08/2000,2,6,30,38,39,44
1087,01/08/2000,7,15,22,30,36,44
1086,29/07/2000,8,28,32,33,39,40
1085,25/07/2000,4,11,30,31,34,42
1084,22/07/2000,1,10,18,27,40,43
1083,18/07/2000,5,12,16,19,38,44
1082,15/07/2000,15,22,26,35,37,38
1081,11/07/2000,1,8,9,20,24,42
1080,08/07/2000,6,13,31,32,33,37
1079,04/07/2000,1,20,21,39,44,48
1078,27/06/2000,13,18,19,20,40,42
1077,20/06/2000,20,35,36,37,40,49
1076,13/06/2000,5,10,11,16,25,46
1075,06/06/2000,4,6,16,21,26,33
1074,30/05/2000,5,7,8,17,39,42
1073,23/05/2000,1,5,8,32,34,40
1072,16/05/2000,5,12,15,29,41,49
1071,11/05/2000,12,21,24,27,31,37
1070,03/05/2000,1,4,9,26,35,41
1069,27/04/2000,9,12,24,25,38,40
1068,18/04/2000,4,12,13,24,34,49
1067,11/04/2000,3,4,10,15,17,25
1066,04/04/2000,12,16,29,38,40,45
1065,28/03/2000,1,4,19,27,34,35
1064,21/03/2000,5,21,27,29,43,45
1063,14/03/2000,9,12,25,37,43,44
1062,07/03/2000,2,10,30,31,44,46
1061,29/02/2000,14,20,21,34,42,48
1060,22/02/2000,3,13,14,15,28,29
1059,15/02/2000,11,13,31,38,39,44
1058,08/02/2000,2,11,20,26,44,47
1057,01/02/2000,3,7,10,12,22,23
1056,25/01/2000,7,10,16,26,42,49
1055,18/01/2000,4,11,20,24,30,31
1054,11/01/2000,1,4,14,22,34,37
1053,04/01/2000,27,29,32,37,43,45
